#ベンダ,GRAPHTEC Corporation,,,,,,
#モデル,GL820,,,,,,
#バージョン,Ver1.03,,,,,,
#測定間隔,5s,,,,,,
#測定点数,1584,,,,,,
#開始時刻,2018-09-18,18:09:53,,,,,
#終了時刻,2018-09-18,20:22:00,,,,,
#トリガ時刻,2018-09-18,18:10:00,,,,,
#アンプ設定,,,,,,,
#CH,信号名,入力,レンジ,フィルタ,スパン,,
#CH1,CH 1,TEMP,TC_K,Off,100,0,[degC]
#CH2,CH 2,TEMP,TC_K,Off,100,0,[degC]
#Logic/Pulse,Off,,,,,,
#測定値,,,,,,,
#番号,日付 時間,ms,CH1,CH2,Alarm1  -10,Alarm11 -20,Alarm Out
#NO.,Time, ms,degC,degC,A1234567890,A1234567890,AO1234
1,2018/9/18 18:10:00,0,24.7,24.6,LLLLLLLLLL,LLLLLLLLLL,LLLL
2,2018/9/18 18:10:05,0,24.7,24.6,LLLLLLLLLL,LLLLLLLLLL,LLLL
3,2018/9/18 18:10:10,0,24.6,24.6,LLLLLLLLLL,LLLLLLLLLL,LLLL
4,2018/9/18 18:10:15,0,24.6,24.6,LLLLLLLLLL,LLLLLLLLLL,LLLL
5,2018/9/18 18:10:20,0,24.6,24.6,LLLLLLLLLL,LLLLLLLLLL,LLLL
6,2018/9/18 18:10:25,0,24.6,24.6,LLLLLLLLLL,LLLLLLLLLL,LLLL
7,2018/9/18 18:10:30,0,24.6,24.6,LLLLLLLLLL,LLLLLLLLLL,LLLL
8,2018/9/18 18:10:35,0,24.7,24.6,LLLLLLLLLL,LLLLLLLLLL,LLLL
9,2018/9/18 18:10:40,0,24.6,24.6,LLLLLLLLLL,LLLLLLLLLL,LLLL
10,2018/9/18 18:10:45,0,24.7,24.6,LLLLLLLLLL,LLLLLLLLLL,LLLL
11,2018/9/18 18:10:50,0,24.7,24.6,LLLLLLLLLL,LLLLLLLLLL,LLLL
12,2018/9/18 18:10:55,0,24.7,24.6,LLLLLLLLLL,LLLLLLLLLL,LLLL
13,2018/9/18 18:11:00,0,24.7,24.6,LLLLLLLLLL,LLLLLLLLLL,LLLL
14,2018/9/18 18:11:05,0,24.7,24.6,LLLLLLLLLL,LLLLLLLLLL,LLLL
15,2018/9/18 18:11:10,0,24.6,24.6,LLLLLLLLLL,LLLLLLLLLL,LLLL
16,2018/9/18 18:11:15,0,24.7,24.5,LLLLLLLLLL,LLLLLLLLLL,LLLL
17,2018/9/18 18:11:20,0,24.7,24.6,LLLLLLLLLL,LLLLLLLLLL,LLLL
18,2018/9/18 18:11:25,0,24.6,24.6,LLLLLLLLLL,LLLLLLLLLL,LLLL
19,2018/9/18 18:11:30,0,24.6,24.6,LLLLLLLLLL,LLLLLLLLLL,LLLL
20,2018/9/18 18:11:35,0,24.7,24.6,LLLLLLLLLL,LLLLLLLLLL,LLLL
21,2018/9/18 18:11:40,0,24.7,24.6,LLLLLLLLLL,LLLLLLLLLL,LLLL
22,2018/9/18 18:11:45,0,24.6,24.6,LLLLLLLLLL,LLLLLLLLLL,LLLL
23,2018/9/18 18:11:50,0,24.6,24.5,LLLLLLLLLL,LLLLLLLLLL,LLLL
24,2018/9/18 18:11:55,0,24.6,24.6,LLLLLLLLLL,LLLLLLLLLL,LLLL
25,2018/9/18 18:12:00,0,24.6,24.6,LLLLLLLLLL,LLLLLLLLLL,LLLL
26,2018/9/18 18:12:05,0,24.7,24.6,LLLLLLLLLL,LLLLLLLLLL,LLLL
27,2018/9/18 18:12:10,0,24.7,24.5,LLLLLLLLLL,LLLLLLLLLL,LLLL
28,2018/9/18 18:12:15,0,24.6,24.6,LLLLLLLLLL,LLLLLLLLLL,LLLL
29,2018/9/18 18:12:20,0,24.6,24.6,LLLLLLLLLL,LLLLLLLLLL,LLLL
30,2018/9/18 18:12:25,0,24.6,24.6,LLLLLLLLLL,LLLLLLLLLL,LLLL
31,2018/9/18 18:12:30,0,24.6,24.6,LLLLLLLLLL,LLLLLLLLLL,LLLL
32,2018/9/18 18:12:35,0,24.7,24.6,LLLLLLLLLL,LLLLLLLLLL,LLLL
33,2018/9/18 18:12:40,0,24.6,24.6,LLLLLLLLLL,LLLLLLLLLL,LLLL
34,2018/9/18 18:12:45,0,24.7,24.6,LLLLLLLLLL,LLLLLLLLLL,LLLL
35,2018/9/18 18:12:50,0,24.7,24.6,LLLLLLLLLL,LLLLLLLLLL,LLLL
36,2018/9/18 18:12:55,0,24.7,24.6,LLLLLLLLLL,LLLLLLLLLL,LLLL
37,2018/9/18 18:13:00,0,24.7,24.6,LLLLLLLLLL,LLLLLLLLLL,LLLL
38,2018/9/18 18:13:05,0,24.7,24.6,LLLLLLLLLL,LLLLLLLLLL,LLLL
39,2018/9/18 18:13:10,0,24.7,24.6,LLLLLLLLLL,LLLLLLLLLL,LLLL
40,2018/9/18 18:13:15,0,24.7,24.6,LLLLLLLLLL,LLLLLLLLLL,LLLL
41,2018/9/18 18:13:20,0,24.7,24.6,LLLLLLLLLL,LLLLLLLLLL,LLLL
42,2018/9/18 18:13:25,0,24.7,24.6,LLLLLLLLLL,LLLLLLLLLL,LLLL
43,2018/9/18 18:13:30,0,24.8,24.6,LLLLLLLLLL,LLLLLLLLLL,LLLL
44,2018/9/18 18:13:35,0,24.8,24.6,LLLLLLLLLL,LLLLLLLLLL,LLLL
45,2018/9/18 18:13:40,0,24.7,24.6,LLLLLLLLLL,LLLLLLLLLL,LLLL
46,2018/9/18 18:13:45,0,24.7,24.6,LLLLLLLLLL,LLLLLLLLLL,LLLL
47,2018/9/18 18:13:50,0,24.7,24.6,LLLLLLLLLL,LLLLLLLLLL,LLLL
48,2018/9/18 18:13:55,0,24.7,24.7,LLLLLLLLLL,LLLLLLLLLL,LLLL
49,2018/9/18 18:14:00,0,24.7,24.6,LLLLLLLLLL,LLLLLLLLLL,LLLL
50,2018/9/18 18:14:05,0,24.7,24.7,LLLLLLLLLL,LLLLLLLLLL,LLLL
51,2018/9/18 18:14:10,0,24.8,24.7,LLLLLLLLLL,LLLLLLLLLL,LLLL
52,2018/9/18 18:14:15,0,24.8,24.7,LLLLLLLLLL,LLLLLLLLLL,LLLL
53,2018/9/18 18:14:20,0,24.9,24.7,LLLLLLLLLL,LLLLLLLLLL,LLLL
54,2018/9/18 18:14:25,0,24.9,24.7,LLLLLLLLLL,LLLLLLLLLL,LLLL
55,2018/9/18 18:14:30,0,24.9,24.7,LLLLLLLLLL,LLLLLLLLLL,LLLL
56,2018/9/18 18:14:35,0,25,24.7,LLLLLLLLLL,LLLLLLLLLL,LLLL
57,2018/9/18 18:14:40,0,25.1,24.8,LLLLLLLLLL,LLLLLLLLLL,LLLL
58,2018/9/18 18:14:45,0,25.1,24.9,LLLLLLLLLL,LLLLLLLLLL,LLLL
59,2018/9/18 18:14:50,0,25.1,24.9,LLLLLLLLLL,LLLLLLLLLL,LLLL
60,2018/9/18 18:14:55,0,25.1,24.9,LLLLLLLLLL,LLLLLLLLLL,LLLL
61,2018/9/18 18:15:00,0,25.2,24.9,LLLLLLLLLL,LLLLLLLLLL,LLLL
62,2018/9/18 18:15:05,0,25.2,25,LLLLLLLLLL,LLLLLLLLLL,LLLL
63,2018/9/18 18:15:10,0,25.3,25,LLLLLLLLLL,LLLLLLLLLL,LLLL
64,2018/9/18 18:15:15,0,25.4,25.1,LLLLLLLLLL,LLLLLLLLLL,LLLL
65,2018/9/18 18:15:20,0,25.4,25.2,LLLLLLLLLL,LLLLLLLLLL,LLLL
66,2018/9/18 18:15:25,0,25.5,25.2,LLLLLLLLLL,LLLLLLLLLL,LLLL
67,2018/9/18 18:15:30,0,25.5,25.3,LLLLLLLLLL,LLLLLLLLLL,LLLL
68,2018/9/18 18:15:35,0,25.5,25.3,LLLLLLLLLL,LLLLLLLLLL,LLLL
69,2018/9/18 18:15:40,0,25.6,25.4,LLLLLLLLLL,LLLLLLLLLL,LLLL
70,2018/9/18 18:15:45,0,25.6,25.4,LLLLLLLLLL,LLLLLLLLLL,LLLL
71,2018/9/18 18:15:50,0,25.7,25.4,LLLLLLLLLL,LLLLLLLLLL,LLLL
72,2018/9/18 18:15:55,0,25.7,25.4,LLLLLLLLLL,LLLLLLLLLL,LLLL
73,2018/9/18 18:16:00,0,25.9,25.4,LLLLLLLLLL,LLLLLLLLLL,LLLL
74,2018/9/18 18:16:05,0,25.9,25.4,LLLLLLLLLL,LLLLLLLLLL,LLLL
75,2018/9/18 18:16:10,0,25.9,25.5,LLLLLLLLLL,LLLLLLLLLL,LLLL
76,2018/9/18 18:16:15,0,26,25.6,LLLLLLLLLL,LLLLLLLLLL,LLLL
77,2018/9/18 18:16:20,0,26.1,25.7,LLLLLLLLLL,LLLLLLLLLL,LLLL
78,2018/9/18 18:16:25,0,26.1,25.7,LLLLLLLLLL,LLLLLLLLLL,LLLL
79,2018/9/18 18:16:30,0,26.1,25.7,LLLLLLLLLL,LLLLLLLLLL,LLLL
80,2018/9/18 18:16:35,0,26.2,25.7,LLLLLLLLLL,LLLLLLLLLL,LLLL
81,2018/9/18 18:16:40,0,26.2,25.7,LLLLLLLLLL,LLLLLLLLLL,LLLL
82,2018/9/18 18:16:45,0,26.3,25.8,LLLLLLLLLL,LLLLLLLLLL,LLLL
83,2018/9/18 18:16:50,0,26.4,25.8,LLLLLLLLLL,LLLLLLLLLL,LLLL
84,2018/9/18 18:16:55,0,26.4,25.9,LLLLLLLLLL,LLLLLLLLLL,LLLL
85,2018/9/18 18:17:00,0,26.4,25.9,LLLLLLLLLL,LLLLLLLLLL,LLLL
86,2018/9/18 18:17:05,0,26.5,26.1,LLLLLLLLLL,LLLLLLLLLL,LLLL
87,2018/9/18 18:17:10,0,26.5,26.1,LLLLLLLLLL,LLLLLLLLLL,LLLL
88,2018/9/18 18:17:15,0,26.5,26.1,LLLLLLLLLL,LLLLLLLLLL,LLLL
89,2018/9/18 18:17:20,0,26.5,26.1,LLLLLLLLLL,LLLLLLLLLL,LLLL
90,2018/9/18 18:17:25,0,26.6,26.2,LLLLLLLLLL,LLLLLLLLLL,LLLL
91,2018/9/18 18:17:30,0,26.7,26.2,LLLLLLLLLL,LLLLLLLLLL,LLLL
92,2018/9/18 18:17:35,0,26.7,26.2,LLLLLLLLLL,LLLLLLLLLL,LLLL
93,2018/9/18 18:17:40,0,26.8,26.2,LLLLLLLLLL,LLLLLLLLLL,LLLL
94,2018/9/18 18:17:45,0,26.9,26.3,LLLLLLLLLL,LLLLLLLLLL,LLLL
95,2018/9/18 18:17:50,0,26.9,26.3,LLLLLLLLLL,LLLLLLLLLL,LLLL
96,2018/9/18 18:17:55,0,26.9,26.4,LLLLLLLLLL,LLLLLLLLLL,LLLL
97,2018/9/18 18:18:00,0,27,26.4,LLLLLLLLLL,LLLLLLLLLL,LLLL
98,2018/9/18 18:18:05,0,27,26.5,LLLLLLLLLL,LLLLLLLLLL,LLLL
99,2018/9/18 18:18:10,0,27.1,26.5,LLLLLLLLLL,LLLLLLLLLL,LLLL
100,2018/9/18 18:18:15,0,27.2,26.5,LLLLLLLLLL,LLLLLLLLLL,LLLL
101,2018/9/18 18:18:20,0,27.2,26.5,LLLLLLLLLL,LLLLLLLLLL,LLLL
102,2018/9/18 18:18:25,0,27.2,26.7,LLLLLLLLLL,LLLLLLLLLL,LLLL
103,2018/9/18 18:18:30,0,27.3,26.7,LLLLLLLLLL,LLLLLLLLLL,LLLL
104,2018/9/18 18:18:35,0,27.4,26.7,LLLLLLLLLL,LLLLLLLLLL,LLLL
105,2018/9/18 18:18:40,0,27.4,26.7,LLLLLLLLLL,LLLLLLLLLL,LLLL
106,2018/9/18 18:18:45,0,27.4,26.8,LLLLLLLLLL,LLLLLLLLLL,LLLL
107,2018/9/18 18:18:50,0,27.5,26.9,LLLLLLLLLL,LLLLLLLLLL,LLLL
108,2018/9/18 18:18:55,0,27.5,26.9,LLLLLLLLLL,LLLLLLLLLL,LLLL
109,2018/9/18 18:19:00,0,27.5,26.9,LLLLLLLLLL,LLLLLLLLLL,LLLL
110,2018/9/18 18:19:05,0,27.6,27,LLLLLLLLLL,LLLLLLLLLL,LLLL
111,2018/9/18 18:19:10,0,27.7,27,LLLLLLLLLL,LLLLLLLLLL,LLLL
112,2018/9/18 18:19:15,0,27.7,27.1,LLLLLLLLLL,LLLLLLLLLL,LLLL
113,2018/9/18 18:19:20,0,27.8,27.1,LLLLLLLLLL,LLLLLLLLLL,LLLL
114,2018/9/18 18:19:25,0,27.9,27.2,LLLLLLLLLL,LLLLLLLLLL,LLLL
115,2018/9/18 18:19:30,0,27.9,27.2,LLLLLLLLLL,LLLLLLLLLL,LLLL
116,2018/9/18 18:19:35,0,27.9,27.2,LLLLLLLLLL,LLLLLLLLLL,LLLL
117,2018/9/18 18:19:40,0,28,27.3,LLLLLLLLLL,LLLLLLLLLL,LLLL
118,2018/9/18 18:19:45,0,28,27.4,LLLLLLLLLL,LLLLLLLLLL,LLLL
119,2018/9/18 18:19:50,0,28,27.4,LLLLLLLLLL,LLLLLLLLLL,LLLL
120,2018/9/18 18:19:55,0,28,27.4,LLLLLLLLLL,LLLLLLLLLL,LLLL
121,2018/9/18 18:20:00,0,28,27.4,LLLLLLLLLL,LLLLLLLLLL,LLLL
122,2018/9/18 18:20:05,0,28,27.4,LLLLLLLLLL,LLLLLLLLLL,LLLL
123,2018/9/18 18:20:10,0,28,27.4,LLLLLLLLLL,LLLLLLLLLL,LLLL
124,2018/9/18 18:20:15,0,28.2,27.4,LLLLLLLLLL,LLLLLLLLLL,LLLL
125,2018/9/18 18:20:20,0,28.1,27.4,LLLLLLLLLL,LLLLLLLLLL,LLLL
126,2018/9/18 18:20:25,0,28.3,27.5,LLLLLLLLLL,LLLLLLLLLL,LLLL
127,2018/9/18 18:20:30,0,28.3,27.5,LLLLLLLLLL,LLLLLLLLLL,LLLL
128,2018/9/18 18:20:35,0,28.3,27.7,LLLLLLLLLL,LLLLLLLLLL,LLLL
129,2018/9/18 18:20:40,0,28.3,27.7,LLLLLLLLLL,LLLLLLLLLL,LLLL
130,2018/9/18 18:20:45,0,28.4,27.7,LLLLLLLLLL,LLLLLLLLLL,LLLL
131,2018/9/18 18:20:50,0,28.5,27.7,LLLLLLLLLL,LLLLLLLLLL,LLLL
132,2018/9/18 18:20:55,0,28.5,27.7,LLLLLLLLLL,LLLLLLLLLL,LLLL
133,2018/9/18 18:21:00,0,28.5,27.8,LLLLLLLLLL,LLLLLLLLLL,LLLL
134,2018/9/18 18:21:05,0,28.5,27.8,LLLLLLLLLL,LLLLLLLLLL,LLLL
135,2018/9/18 18:21:10,0,28.5,27.8,LLLLLLLLLL,LLLLLLLLLL,LLLL
136,2018/9/18 18:21:15,0,28.6,27.9,LLLLLLLLLL,LLLLLLLLLL,LLLL
137,2018/9/18 18:21:20,0,28.6,27.9,LLLLLLLLLL,LLLLLLLLLL,LLLL
138,2018/9/18 18:21:25,0,28.7,27.9,LLLLLLLLLL,LLLLLLLLLL,LLLL
139,2018/9/18 18:21:30,0,28.7,27.9,LLLLLLLLLL,LLLLLLLLLL,LLLL
140,2018/9/18 18:21:35,0,28.7,28,LLLLLLLLLL,LLLLLLLLLL,LLLL
141,2018/9/18 18:21:40,0,28.8,28,LLLLLLLLLL,LLLLLLLLLL,LLLL
142,2018/9/18 18:21:45,0,28.8,28.1,LLLLLLLLLL,LLLLLLLLLL,LLLL
143,2018/9/18 18:21:50,0,28.9,28.1,LLLLLLLLLL,LLLLLLLLLL,LLLL
144,2018/9/18 18:21:55,0,28.9,28.1,LLLLLLLLLL,LLLLLLLLLL,LLLL
145,2018/9/18 18:22:00,0,28.9,28.1,LLLLLLLLLL,LLLLLLLLLL,LLLL
146,2018/9/18 18:22:05,0,28.9,28.2,LLLLLLLLLL,LLLLLLLLLL,LLLL
147,2018/9/18 18:22:10,0,28.9,28.2,LLLLLLLLLL,LLLLLLLLLL,LLLL
148,2018/9/18 18:22:15,0,28.9,28.2,LLLLLLLLLL,LLLLLLLLLL,LLLL
149,2018/9/18 18:22:20,0,29,28.2,LLLLLLLLLL,LLLLLLLLLL,LLLL
150,2018/9/18 18:22:25,0,29,28.3,LLLLLLLLLL,LLLLLLLLLL,LLLL
151,2018/9/18 18:22:30,0,29,28.3,LLLLLLLLLL,LLLLLLLLLL,LLLL
152,2018/9/18 18:22:35,0,29.1,28.3,LLLLLLLLLL,LLLLLLLLLL,LLLL
153,2018/9/18 18:22:40,0,29.2,28.3,LLLLLLLLLL,LLLLLLLLLL,LLLL
154,2018/9/18 18:22:45,0,29.2,28.3,LLLLLLLLLL,LLLLLLLLLL,LLLL
155,2018/9/18 18:22:50,0,29.2,28.4,LLLLLLLLLL,LLLLLLLLLL,LLLL
156,2018/9/18 18:22:55,0,29.2,28.4,LLLLLLLLLL,LLLLLLLLLL,LLLL
157,2018/9/18 18:23:00,0,29.3,28.4,LLLLLLLLLL,LLLLLLLLLL,LLLL
158,2018/9/18 18:23:05,0,29.3,28.5,LLLLLLLLLL,LLLLLLLLLL,LLLL
159,2018/9/18 18:23:10,0,29.3,28.5,LLLLLLLLLL,LLLLLLLLLL,LLLL
160,2018/9/18 18:23:15,0,29.3,28.5,LLLLLLLLLL,LLLLLLLLLL,LLLL
161,2018/9/18 18:23:20,0,29.3,28.6,LLLLLLLLLL,LLLLLLLLLL,LLLL
162,2018/9/18 18:23:25,0,29.3,28.6,LLLLLLLLLL,LLLLLLLLLL,LLLL
163,2018/9/18 18:23:30,0,29.3,28.7,LLLLLLLLLL,LLLLLLLLLL,LLLL
164,2018/9/18 18:23:35,0,29.3,28.7,LLLLLLLLLL,LLLLLLLLLL,LLLL
165,2018/9/18 18:23:40,0,29.3,28.7,LLLLLLLLLL,LLLLLLLLLL,LLLL
166,2018/9/18 18:23:45,0,29.5,28.8,LLLLLLLLLL,LLLLLLLLLL,LLLL
167,2018/9/18 18:23:50,0,29.5,28.8,LLLLLLLLLL,LLLLLLLLLL,LLLL
168,2018/9/18 18:23:55,0,29.6,28.8,LLLLLLLLLL,LLLLLLLLLL,LLLL
169,2018/9/18 18:24:00,0,29.6,28.8,LLLLLLLLLL,LLLLLLLLLL,LLLL
170,2018/9/18 18:24:05,0,29.5,28.8,LLLLLLLLLL,LLLLLLLLLL,LLLL
171,2018/9/18 18:24:10,0,29.6,28.8,LLLLLLLLLL,LLLLLLLLLL,LLLL
172,2018/9/18 18:24:15,0,29.6,28.9,LLLLLLLLLL,LLLLLLLLLL,LLLL
173,2018/9/18 18:24:20,0,29.6,28.9,LLLLLLLLLL,LLLLLLLLLL,LLLL
174,2018/9/18 18:24:25,0,29.6,28.9,LLLLLLLLLL,LLLLLLLLLL,LLLL
175,2018/9/18 18:24:30,0,29.7,29,LLLLLLLLLL,LLLLLLLLLL,LLLL
176,2018/9/18 18:24:35,0,29.7,28.9,LLLLLLLLLL,LLLLLLLLLL,LLLL
177,2018/9/18 18:24:40,0,29.7,29,LLLLLLLLLL,LLLLLLLLLL,LLLL
178,2018/9/18 18:24:45,0,29.8,29,LLLLLLLLLL,LLLLLLLLLL,LLLL
179,2018/9/18 18:24:50,0,29.8,29.1,LLLLLLLLLL,LLLLLLLLLL,LLLL
180,2018/9/18 18:24:55,0,29.8,29.1,LLLLLLLLLL,LLLLLLLLLL,LLLL
181,2018/9/18 18:25:00,0,29.8,29.1,LLLLLLLLLL,LLLLLLLLLL,LLLL
182,2018/9/18 18:25:05,0,29.8,29.1,LLLLLLLLLL,LLLLLLLLLL,LLLL
183,2018/9/18 18:25:10,0,29.8,29.2,LLLLLLLLLL,LLLLLLLLLL,LLLL
184,2018/9/18 18:25:15,0,29.8,29.2,LLLLLLLLLL,LLLLLLLLLL,LLLL
185,2018/9/18 18:25:20,0,29.8,29.2,LLLLLLLLLL,LLLLLLLLLL,LLLL
186,2018/9/18 18:25:25,0,29.9,29.2,LLLLLLLLLL,LLLLLLLLLL,LLLL
187,2018/9/18 18:25:30,0,29.9,29.2,LLLLLLLLLL,LLLLLLLLLL,LLLL
188,2018/9/18 18:25:35,0,29.8,29.2,LLLLLLLLLL,LLLLLLLLLL,LLLL
189,2018/9/18 18:25:40,0,29.8,29.2,LLLLLLLLLL,LLLLLLLLLL,LLLL
190,2018/9/18 18:25:45,0,29.9,29.2,LLLLLLLLLL,LLLLLLLLLL,LLLL
191,2018/9/18 18:25:50,0,29.9,29.2,LLLLLLLLLL,LLLLLLLLLL,LLLL
192,2018/9/18 18:25:55,0,30,29.2,LLLLLLLLLL,LLLLLLLLLL,LLLL
193,2018/9/18 18:26:00,0,30,29.3,LLLLLLLLLL,LLLLLLLLLL,LLLL
194,2018/9/18 18:26:05,0,30,29.3,LLLLLLLLLL,LLLLLLLLLL,LLLL
195,2018/9/18 18:26:10,0,30,29.3,LLLLLLLLLL,LLLLLLLLLL,LLLL
196,2018/9/18 18:26:15,0,30,29.3,LLLLLLLLLL,LLLLLLLLLL,LLLL
197,2018/9/18 18:26:20,0,30,29.3,LLLLLLLLLL,LLLLLLLLLL,LLLL
198,2018/9/18 18:26:25,0,30,29.3,LLLLLLLLLL,LLLLLLLLLL,LLLL
199,2018/9/18 18:26:30,0,30,29.3,LLLLLLLLLL,LLLLLLLLLL,LLLL
200,2018/9/18 18:26:35,0,30.1,29.3,LLLLLLLLLL,LLLLLLLLLL,LLLL
201,2018/9/18 18:26:40,0,30.1,29.3,LLLLLLLLLL,LLLLLLLLLL,LLLL
202,2018/9/18 18:26:45,0,30.1,29.3,LLLLLLLLLL,LLLLLLLLLL,LLLL
203,2018/9/18 18:26:50,0,30.1,29.4,LLLLLLLLLL,LLLLLLLLLL,LLLL
204,2018/9/18 18:26:55,0,30.1,29.4,LLLLLLLLLL,LLLLLLLLLL,LLLL
205,2018/9/18 18:27:00,0,30.2,29.5,LLLLLLLLLL,LLLLLLLLLL,LLLL
206,2018/9/18 18:27:05,0,30.1,29.4,LLLLLLLLLL,LLLLLLLLLL,LLLL
207,2018/9/18 18:27:10,0,30.2,29.5,LLLLLLLLLL,LLLLLLLLLL,LLLL
208,2018/9/18 18:27:15,0,30.3,29.5,LLLLLLLLLL,LLLLLLLLLL,LLLL
209,2018/9/18 18:27:20,0,30.3,29.5,LLLLLLLLLL,LLLLLLLLLL,LLLL
210,2018/9/18 18:27:25,0,30.3,29.6,LLLLLLLLLL,LLLLLLLLLL,LLLL
211,2018/9/18 18:27:30,0,30.4,29.6,LLLLLLLLLL,LLLLLLLLLL,LLLL
212,2018/9/18 18:27:35,0,30.3,29.6,LLLLLLLLLL,LLLLLLLLLL,LLLL
213,2018/9/18 18:27:40,0,30.4,29.6,LLLLLLLLLL,LLLLLLLLLL,LLLL
214,2018/9/18 18:27:45,0,30.4,29.6,LLLLLLLLLL,LLLLLLLLLL,LLLL
215,2018/9/18 18:27:50,0,30.4,29.7,LLLLLLLLLL,LLLLLLLLLL,LLLL
216,2018/9/18 18:27:55,0,30.4,29.6,LLLLLLLLLL,LLLLLLLLLL,LLLL
217,2018/9/18 18:28:00,0,30.4,29.7,LLLLLLLLLL,LLLLLLLLLL,LLLL
218,2018/9/18 18:28:05,0,30.5,29.7,LLLLLLLLLL,LLLLLLLLLL,LLLL
219,2018/9/18 18:28:10,0,30.5,29.7,LLLLLLLLLL,LLLLLLLLLL,LLLL
220,2018/9/18 18:28:15,0,30.5,29.7,LLLLLLLLLL,LLLLLLLLLL,LLLL
221,2018/9/18 18:28:20,0,30.5,29.7,LLLLLLLLLL,LLLLLLLLLL,LLLL
222,2018/9/18 18:28:25,0,30.5,29.7,LLLLLLLLLL,LLLLLLLLLL,LLLL
223,2018/9/18 18:28:30,0,30.5,29.7,LLLLLLLLLL,LLLLLLLLLL,LLLL
224,2018/9/18 18:28:35,0,30.5,29.7,LLLLLLLLLL,LLLLLLLLLL,LLLL
225,2018/9/18 18:28:40,0,30.5,29.7,LLLLLLLLLL,LLLLLLLLLL,LLLL
226,2018/9/18 18:28:45,0,30.5,29.7,LLLLLLLLLL,LLLLLLLLLL,LLLL
227,2018/9/18 18:28:50,0,30.5,29.7,LLLLLLLLLL,LLLLLLLLLL,LLLL
228,2018/9/18 18:28:55,0,30.5,29.7,LLLLLLLLLL,LLLLLLLLLL,LLLL
229,2018/9/18 18:29:00,0,30.5,29.8,LLLLLLLLLL,LLLLLLLLLL,LLLL
230,2018/9/18 18:29:05,0,30.5,29.8,LLLLLLLLLL,LLLLLLLLLL,LLLL
231,2018/9/18 18:29:10,0,30.6,29.8,LLLLLLLLLL,LLLLLLLLLL,LLLL
232,2018/9/18 18:29:15,0,30.6,29.8,LLLLLLLLLL,LLLLLLLLLL,LLLL
233,2018/9/18 18:29:20,0,30.6,29.8,LLLLLLLLLL,LLLLLLLLLL,LLLL
234,2018/9/18 18:29:25,0,30.6,29.9,LLLLLLLLLL,LLLLLLLLLL,LLLL
235,2018/9/18 18:29:30,0,30.6,29.9,LLLLLLLLLL,LLLLLLLLLL,LLLL
236,2018/9/18 18:29:35,0,30.7,29.9,LLLLLLLLLL,LLLLLLLLLL,LLLL
237,2018/9/18 18:29:40,0,30.7,30,LLLLLLLLLL,LLLLLLLLLL,LLLL
238,2018/9/18 18:29:45,0,30.7,30,LLLLLLLLLL,LLLLLLLLLL,LLLL
239,2018/9/18 18:29:50,0,30.7,30,LLLLLLLLLL,LLLLLLLLLL,LLLL
240,2018/9/18 18:29:55,0,30.7,30,LLLLLLLLLL,LLLLLLLLLL,LLLL
241,2018/9/18 18:30:00,0,30.8,30,LLLLLLLLLL,LLLLLLLLLL,LLLL
242,2018/9/18 18:30:05,0,30.7,30,LLLLLLLLLL,LLLLLLLLLL,LLLL
243,2018/9/18 18:30:10,0,30.7,30,LLLLLLLLLL,LLLLLLLLLL,LLLL
244,2018/9/18 18:30:15,0,30.7,30,LLLLLLLLLL,LLLLLLLLLL,LLLL
245,2018/9/18 18:30:20,0,30.7,30,LLLLLLLLLL,LLLLLLLLLL,LLLL
246,2018/9/18 18:30:25,0,30.7,30,LLLLLLLLLL,LLLLLLLLLL,LLLL
247,2018/9/18 18:30:30,0,30.8,30.1,LLLLLLLLLL,LLLLLLLLLL,LLLL
248,2018/9/18 18:30:35,0,30.8,30,LLLLLLLLLL,LLLLLLLLLL,LLLL
249,2018/9/18 18:30:40,0,30.8,30,LLLLLLLLLL,LLLLLLLLLL,LLLL
250,2018/9/18 18:30:45,0,30.8,30,LLLLLLLLLL,LLLLLLLLLL,LLLL
251,2018/9/18 18:30:50,0,30.8,30.1,LLLLLLLLLL,LLLLLLLLLL,LLLL
252,2018/9/18 18:30:55,0,30.8,30.1,LLLLLLLLLL,LLLLLLLLLL,LLLL
253,2018/9/18 18:31:00,0,30.8,30.1,LLLLLLLLLL,LLLLLLLLLL,LLLL
254,2018/9/18 18:31:05,0,30.9,30.1,LLLLLLLLLL,LLLLLLLLLL,LLLL
255,2018/9/18 18:31:10,0,31,30.1,LLLLLLLLLL,LLLLLLLLLL,LLLL
256,2018/9/18 18:31:15,0,31,30.1,LLLLLLLLLL,LLLLLLLLLL,LLLL
257,2018/9/18 18:31:20,0,31,30.1,LLLLLLLLLL,LLLLLLLLLL,LLLL
258,2018/9/18 18:31:25,0,31,30.1,LLLLLLLLLL,LLLLLLLLLL,LLLL
259,2018/9/18 18:31:30,0,31,30.1,LLLLLLLLLL,LLLLLLLLLL,LLLL
260,2018/9/18 18:31:35,0,31,30.2,LLLLLLLLLL,LLLLLLLLLL,LLLL
261,2018/9/18 18:31:40,0,31,30.2,LLLLLLLLLL,LLLLLLLLLL,LLLL
262,2018/9/18 18:31:45,0,31,30.1,LLLLLLLLLL,LLLLLLLLLL,LLLL
263,2018/9/18 18:31:50,0,31,30.2,LLLLLLLLLL,LLLLLLLLLL,LLLL
264,2018/9/18 18:31:55,0,31,30.2,LLLLLLLLLL,LLLLLLLLLL,LLLL
265,2018/9/18 18:32:00,0,31,30.1,LLLLLLLLLL,LLLLLLLLLL,LLLL
266,2018/9/18 18:32:05,0,31,30.1,LLLLLLLLLL,LLLLLLLLLL,LLLL
267,2018/9/18 18:32:10,0,31,30.1,LLLLLLLLLL,LLLLLLLLLL,LLLL
268,2018/9/18 18:32:15,0,31,30.1,LLLLLLLLLL,LLLLLLLLLL,LLLL
269,2018/9/18 18:32:20,0,31,30.1,LLLLLLLLLL,LLLLLLLLLL,LLLL
270,2018/9/18 18:32:25,0,31,30.1,LLLLLLLLLL,LLLLLLLLLL,LLLL
271,2018/9/18 18:32:30,0,31,30.1,LLLLLLLLLL,LLLLLLLLLL,LLLL
272,2018/9/18 18:32:35,0,31,30.1,LLLLLLLLLL,LLLLLLLLLL,LLLL
273,2018/9/18 18:32:40,0,31,30.2,LLLLLLLLLL,LLLLLLLLLL,LLLL
274,2018/9/18 18:32:45,0,31,30.2,LLLLLLLLLL,LLLLLLLLLL,LLLL
275,2018/9/18 18:32:50,0,31,30.1,LLLLLLLLLL,LLLLLLLLLL,LLLL
276,2018/9/18 18:32:55,0,31,30.1,LLLLLLLLLL,LLLLLLLLLL,LLLL
277,2018/9/18 18:33:00,0,31,30.2,LLLLLLLLLL,LLLLLLLLLL,LLLL
278,2018/9/18 18:33:05,0,31,30.1,LLLLLLLLLL,LLLLLLLLLL,LLLL
279,2018/9/18 18:33:10,0,31,30.2,LLLLLLLLLL,LLLLLLLLLL,LLLL
280,2018/9/18 18:33:15,0,31,30.2,LLLLLLLLLL,LLLLLLLLLL,LLLL
281,2018/9/18 18:33:20,0,31,30.2,LLLLLLLLLL,LLLLLLLLLL,LLLL
282,2018/9/18 18:33:25,0,31,30.2,LLLLLLLLLL,LLLLLLLLLL,LLLL
283,2018/9/18 18:33:30,0,31,30.2,LLLLLLLLLL,LLLLLLLLLL,LLLL
284,2018/9/18 18:33:35,0,31,30.2,LLLLLLLLLL,LLLLLLLLLL,LLLL
285,2018/9/18 18:33:40,0,31,30.2,LLLLLLLLLL,LLLLLLLLLL,LLLL
286,2018/9/18 18:33:45,0,31,30.3,LLLLLLLLLL,LLLLLLLLLL,LLLL
287,2018/9/18 18:33:50,0,31,30.2,LLLLLLLLLL,LLLLLLLLLL,LLLL
288,2018/9/18 18:33:55,0,31,30.3,LLLLLLLLLL,LLLLLLLLLL,LLLL
289,2018/9/18 18:34:00,0,31,30.2,LLLLLLLLLL,LLLLLLLLLL,LLLL
290,2018/9/18 18:34:05,0,31,30.3,LLLLLLLLLL,LLLLLLLLLL,LLLL
291,2018/9/18 18:34:10,0,31,30.3,LLLLLLLLLL,LLLLLLLLLL,LLLL
292,2018/9/18 18:34:15,0,31,30.3,LLLLLLLLLL,LLLLLLLLLL,LLLL
293,2018/9/18 18:34:20,0,31,30.3,LLLLLLLLLL,LLLLLLLLLL,LLLL
294,2018/9/18 18:34:25,0,31,30.3,LLLLLLLLLL,LLLLLLLLLL,LLLL
295,2018/9/18 18:34:30,0,31,30.3,LLLLLLLLLL,LLLLLLLLLL,LLLL
296,2018/9/18 18:34:35,0,31,30.3,LLLLLLLLLL,LLLLLLLLLL,LLLL
297,2018/9/18 18:34:40,0,31,30.3,LLLLLLLLLL,LLLLLLLLLL,LLLL
298,2018/9/18 18:34:45,0,31,30.3,LLLLLLLLLL,LLLLLLLLLL,LLLL
299,2018/9/18 18:34:50,0,31,30.3,LLLLLLLLLL,LLLLLLLLLL,LLLL
300,2018/9/18 18:34:55,0,31,30.3,LLLLLLLLLL,LLLLLLLLLL,LLLL
301,2018/9/18 18:35:00,0,31.1,30.3,LLLLLLLLLL,LLLLLLLLLL,LLLL
302,2018/9/18 18:35:05,0,31.1,30.3,LLLLLLLLLL,LLLLLLLLLL,LLLL
303,2018/9/18 18:35:10,0,31.1,30.3,LLLLLLLLLL,LLLLLLLLLL,LLLL
304,2018/9/18 18:35:15,0,31.1,30.3,LLLLLLLLLL,LLLLLLLLLL,LLLL
305,2018/9/18 18:35:20,0,31.1,30.3,LLLLLLLLLL,LLLLLLLLLL,LLLL
306,2018/9/18 18:35:25,0,31.1,30.3,LLLLLLLLLL,LLLLLLLLLL,LLLL
307,2018/9/18 18:35:30,0,31.1,30.4,LLLLLLLLLL,LLLLLLLLLL,LLLL
308,2018/9/18 18:35:35,0,31.1,30.3,LLLLLLLLLL,LLLLLLLLLL,LLLL
309,2018/9/18 18:35:40,0,31.1,30.4,LLLLLLLLLL,LLLLLLLLLL,LLLL
310,2018/9/18 18:35:45,0,31.1,30.4,LLLLLLLLLL,LLLLLLLLLL,LLLL
311,2018/9/18 18:35:50,0,31.1,30.4,LLLLLLLLLL,LLLLLLLLLL,LLLL
312,2018/9/18 18:35:55,0,31.1,30.4,LLLLLLLLLL,LLLLLLLLLL,LLLL
313,2018/9/18 18:36:00,0,31.1,30.4,LLLLLLLLLL,LLLLLLLLLL,LLLL
314,2018/9/18 18:36:05,0,31.1,30.4,LLLLLLLLLL,LLLLLLLLLL,LLLL
315,2018/9/18 18:36:10,0,31.1,30.4,LLLLLLLLLL,LLLLLLLLLL,LLLL
316,2018/9/18 18:36:15,0,31.1,30.4,LLLLLLLLLL,LLLLLLLLLL,LLLL
317,2018/9/18 18:36:20,0,31.2,30.5,LLLLLLLLLL,LLLLLLLLLL,LLLL
318,2018/9/18 18:36:25,0,31.2,30.4,LLLLLLLLLL,LLLLLLLLLL,LLLL
319,2018/9/18 18:36:30,0,31.2,30.5,LLLLLLLLLL,LLLLLLLLLL,LLLL
320,2018/9/18 18:36:35,0,31.2,30.4,LLLLLLLLLL,LLLLLLLLLL,LLLL
321,2018/9/18 18:36:40,0,31.2,30.5,LLLLLLLLLL,LLLLLLLLLL,LLLL
322,2018/9/18 18:36:45,0,31.2,30.4,LLLLLLLLLL,LLLLLLLLLL,LLLL
323,2018/9/18 18:36:50,0,31.1,30.5,LLLLLLLLLL,LLLLLLLLLL,LLLL
324,2018/9/18 18:36:55,0,31.1,30.4,LLLLLLLLLL,LLLLLLLLLL,LLLL
325,2018/9/18 18:37:00,0,31.1,30.5,LLLLLLLLLL,LLLLLLLLLL,LLLL
326,2018/9/18 18:37:05,0,31.2,30.5,LLLLLLLLLL,LLLLLLLLLL,LLLL
327,2018/9/18 18:37:10,0,31.1,30.5,LLLLLLLLLL,LLLLLLLLLL,LLLL
328,2018/9/18 18:37:15,0,31.2,30.5,LLLLLLLLLL,LLLLLLLLLL,LLLL
329,2018/9/18 18:37:20,0,31.1,30.5,LLLLLLLLLL,LLLLLLLLLL,LLLL
330,2018/9/18 18:37:25,0,31.1,30.5,LLLLLLLLLL,LLLLLLLLLL,LLLL
331,2018/9/18 18:37:30,0,31.2,30.5,LLLLLLLLLL,LLLLLLLLLL,LLLL
332,2018/9/18 18:37:35,0,31.2,30.5,LLLLLLLLLL,LLLLLLLLLL,LLLL
333,2018/9/18 18:37:40,0,31.2,30.5,LLLLLLLLLL,LLLLLLLLLL,LLLL
334,2018/9/18 18:37:45,0,31.3,30.5,LLLLLLLLLL,LLLLLLLLLL,LLLL
335,2018/9/18 18:37:50,0,31.3,30.5,LLLLLLLLLL,LLLLLLLLLL,LLLL
336,2018/9/18 18:37:55,0,31.3,30.5,LLLLLLLLLL,LLLLLLLLLL,LLLL
337,2018/9/18 18:38:00,0,31.3,30.5,LLLLLLLLLL,LLLLLLLLLL,LLLL
338,2018/9/18 18:38:05,0,31.3,30.5,LLLLLLLLLL,LLLLLLLLLL,LLLL
339,2018/9/18 18:38:10,0,31.3,30.5,LLLLLLLLLL,LLLLLLLLLL,LLLL
340,2018/9/18 18:38:15,0,31.3,30.5,LLLLLLLLLL,LLLLLLLLLL,LLLL
341,2018/9/18 18:38:20,0,31.3,30.5,LLLLLLLLLL,LLLLLLLLLL,LLLL
342,2018/9/18 18:38:25,0,31.2,30.5,LLLLLLLLLL,LLLLLLLLLL,LLLL
343,2018/9/18 18:38:30,0,31.2,30.5,LLLLLLLLLL,LLLLLLLLLL,LLLL
344,2018/9/18 18:38:35,0,31.2,30.5,LLLLLLLLLL,LLLLLLLLLL,LLLL
345,2018/9/18 18:38:40,0,31.3,30.5,LLLLLLLLLL,LLLLLLLLLL,LLLL
346,2018/9/18 18:38:45,0,31.3,30.5,LLLLLLLLLL,LLLLLLLLLL,LLLL
347,2018/9/18 18:38:50,0,31.2,30.5,LLLLLLLLLL,LLLLLLLLLL,LLLL
348,2018/9/18 18:38:55,0,31.3,30.5,LLLLLLLLLL,LLLLLLLLLL,LLLL
349,2018/9/18 18:39:00,0,31.3,30.5,LLLLLLLLLL,LLLLLLLLLL,LLLL
350,2018/9/18 18:39:05,0,31.3,30.5,LLLLLLLLLL,LLLLLLLLLL,LLLL
351,2018/9/18 18:39:10,0,31.3,30.5,LLLLLLLLLL,LLLLLLLLLL,LLLL
352,2018/9/18 18:39:15,0,31.3,30.5,LLLLLLLLLL,LLLLLLLLLL,LLLL
353,2018/9/18 18:39:20,0,31.3,30.5,LLLLLLLLLL,LLLLLLLLLL,LLLL
354,2018/9/18 18:39:25,0,31.3,30.5,LLLLLLLLLL,LLLLLLLLLL,LLLL
355,2018/9/18 18:39:30,0,31.3,30.5,LLLLLLLLLL,LLLLLLLLLL,LLLL
356,2018/9/18 18:39:35,0,31.3,30.5,LLLLLLLLLL,LLLLLLLLLL,LLLL
357,2018/9/18 18:39:40,0,31.3,30.5,LLLLLLLLLL,LLLLLLLLLL,LLLL
358,2018/9/18 18:39:45,0,31.3,30.5,LLLLLLLLLL,LLLLLLLLLL,LLLL
359,2018/9/18 18:39:50,0,31.3,30.5,LLLLLLLLLL,LLLLLLLLLL,LLLL
360,2018/9/18 18:39:55,0,31.3,30.5,LLLLLLLLLL,LLLLLLLLLL,LLLL
361,2018/9/18 18:40:00,0,31.3,30.5,LLLLLLLLLL,LLLLLLLLLL,LLLL
362,2018/9/18 18:40:05,0,31.3,30.5,LLLLLLLLLL,LLLLLLLLLL,LLLL
363,2018/9/18 18:40:10,0,31.3,30.5,LLLLLLLLLL,LLLLLLLLLL,LLLL
364,2018/9/18 18:40:15,0,31.3,30.5,LLLLLLLLLL,LLLLLLLLLL,LLLL
365,2018/9/18 18:40:20,0,31.3,30.5,LLLLLLLLLL,LLLLLLLLLL,LLLL
366,2018/9/18 18:40:25,0,31.3,30.5,LLLLLLLLLL,LLLLLLLLLL,LLLL
367,2018/9/18 18:40:30,0,31.3,30.5,LLLLLLLLLL,LLLLLLLLLL,LLLL
368,2018/9/18 18:40:35,0,31.4,30.6,LLLLLLLLLL,LLLLLLLLLL,LLLL
369,2018/9/18 18:40:40,0,31.4,30.5,LLLLLLLLLL,LLLLLLLLLL,LLLL
370,2018/9/18 18:40:45,0,31.3,30.5,LLLLLLLLLL,LLLLLLLLLL,LLLL
371,2018/9/18 18:40:50,0,31.3,30.6,LLLLLLLLLL,LLLLLLLLLL,LLLL
372,2018/9/18 18:40:55,0,31.4,30.6,LLLLLLLLLL,LLLLLLLLLL,LLLL
373,2018/9/18 18:41:00,0,31.3,30.6,LLLLLLLLLL,LLLLLLLLLL,LLLL
374,2018/9/18 18:41:05,0,31.4,30.6,LLLLLLLLLL,LLLLLLLLLL,LLLL
375,2018/9/18 18:41:10,0,31.4,30.5,LLLLLLLLLL,LLLLLLLLLL,LLLL
376,2018/9/18 18:41:15,0,31.4,30.6,LLLLLLLLLL,LLLLLLLLLL,LLLL
377,2018/9/18 18:41:20,0,31.4,30.6,LLLLLLLLLL,LLLLLLLLLL,LLLL
378,2018/9/18 18:41:25,0,31.4,30.6,LLLLLLLLLL,LLLLLLLLLL,LLLL
379,2018/9/18 18:41:30,0,31.4,30.6,LLLLLLLLLL,LLLLLLLLLL,LLLL
380,2018/9/18 18:41:35,0,31.4,30.6,LLLLLLLLLL,LLLLLLLLLL,LLLL
381,2018/9/18 18:41:40,0,31.4,30.6,LLLLLLLLLL,LLLLLLLLLL,LLLL
382,2018/9/18 18:41:45,0,31.4,30.6,LLLLLLLLLL,LLLLLLLLLL,LLLL
383,2018/9/18 18:41:50,0,31.4,30.6,LLLLLLLLLL,LLLLLLLLLL,LLLL
384,2018/9/18 18:41:55,0,31.4,30.6,LLLLLLLLLL,LLLLLLLLLL,LLLL
385,2018/9/18 18:42:00,0,31.3,30.6,LLLLLLLLLL,LLLLLLLLLL,LLLL
386,2018/9/18 18:42:05,0,31.4,30.6,LLLLLLLLLL,LLLLLLLLLL,LLLL
387,2018/9/18 18:42:10,0,31.3,30.6,LLLLLLLLLL,LLLLLLLLLL,LLLL
388,2018/9/18 18:42:15,0,31.3,30.6,LLLLLLLLLL,LLLLLLLLLL,LLLL
389,2018/9/18 18:42:20,0,31.4,30.6,LLLLLLLLLL,LLLLLLLLLL,LLLL
390,2018/9/18 18:42:25,0,31.4,30.6,LLLLLLLLLL,LLLLLLLLLL,LLLL
391,2018/9/18 18:42:30,0,31.4,30.6,LLLLLLLLLL,LLLLLLLLLL,LLLL
392,2018/9/18 18:42:35,0,31.4,30.6,LLLLLLLLLL,LLLLLLLLLL,LLLL
393,2018/9/18 18:42:40,0,31.4,30.6,LLLLLLLLLL,LLLLLLLLLL,LLLL
394,2018/9/18 18:42:45,0,31.4,30.6,LLLLLLLLLL,LLLLLLLLLL,LLLL
395,2018/9/18 18:42:50,0,31.4,30.6,LLLLLLLLLL,LLLLLLLLLL,LLLL
396,2018/9/18 18:42:55,0,31.4,30.6,LLLLLLLLLL,LLLLLLLLLL,LLLL
397,2018/9/18 18:43:00,0,31.3,30.6,LLLLLLLLLL,LLLLLLLLLL,LLLL
398,2018/9/18 18:43:05,0,31.3,30.6,LLLLLLLLLL,LLLLLLLLLL,LLLL
399,2018/9/18 18:43:10,0,31.3,30.6,LLLLLLLLLL,LLLLLLLLLL,LLLL
400,2018/9/18 18:43:15,0,31.3,30.6,LLLLLLLLLL,LLLLLLLLLL,LLLL
401,2018/9/18 18:43:20,0,31.3,30.6,LLLLLLLLLL,LLLLLLLLLL,LLLL
402,2018/9/18 18:43:25,0,31.3,30.5,LLLLLLLLLL,LLLLLLLLLL,LLLL
403,2018/9/18 18:43:30,0,31.3,30.5,LLLLLLLLLL,LLLLLLLLLL,LLLL
404,2018/9/18 18:43:35,0,31.3,30.5,LLLLLLLLLL,LLLLLLLLLL,LLLL
405,2018/9/18 18:43:40,0,31.3,30.5,LLLLLLLLLL,LLLLLLLLLL,LLLL
406,2018/9/18 18:43:45,0,31.3,30.5,LLLLLLLLLL,LLLLLLLLLL,LLLL
407,2018/9/18 18:43:50,0,31.3,30.5,LLLLLLLLLL,LLLLLLLLLL,LLLL
408,2018/9/18 18:43:55,0,31.3,30.5,LLLLLLLLLL,LLLLLLLLLL,LLLL
409,2018/9/18 18:44:00,0,31.3,30.5,LLLLLLLLLL,LLLLLLLLLL,LLLL
410,2018/9/18 18:44:05,0,31.3,30.5,LLLLLLLLLL,LLLLLLLLLL,LLLL
411,2018/9/18 18:44:10,0,31.3,30.5,LLLLLLLLLL,LLLLLLLLLL,LLLL
412,2018/9/18 18:44:15,0,31.3,30.5,LLLLLLLLLL,LLLLLLLLLL,LLLL
413,2018/9/18 18:44:20,0,31.3,30.5,LLLLLLLLLL,LLLLLLLLLL,LLLL
414,2018/9/18 18:44:25,0,31.3,30.5,LLLLLLLLLL,LLLLLLLLLL,LLLL
415,2018/9/18 18:44:30,0,31.3,30.5,LLLLLLLLLL,LLLLLLLLLL,LLLL
416,2018/9/18 18:44:35,0,31.3,30.5,LLLLLLLLLL,LLLLLLLLLL,LLLL
417,2018/9/18 18:44:40,0,31.3,30.5,LLLLLLLLLL,LLLLLLLLLL,LLLL
418,2018/9/18 18:44:45,0,31.3,30.5,LLLLLLLLLL,LLLLLLLLLL,LLLL
419,2018/9/18 18:44:50,0,31.3,30.5,LLLLLLLLLL,LLLLLLLLLL,LLLL
420,2018/9/18 18:44:55,0,31.3,30.5,LLLLLLLLLL,LLLLLLLLLL,LLLL
421,2018/9/18 18:45:00,0,31.3,30.5,LLLLLLLLLL,LLLLLLLLLL,LLLL
422,2018/9/18 18:45:05,0,31.4,30.5,LLLLLLLLLL,LLLLLLLLLL,LLLL
423,2018/9/18 18:45:10,0,31.3,30.5,LLLLLLLLLL,LLLLLLLLLL,LLLL
424,2018/9/18 18:45:15,0,31.3,30.5,LLLLLLLLLL,LLLLLLLLLL,LLLL
425,2018/9/18 18:45:20,0,31.3,30.5,LLLLLLLLLL,LLLLLLLLLL,LLLL
426,2018/9/18 18:45:25,0,31.3,30.6,LLLLLLLLLL,LLLLLLLLLL,LLLL
427,2018/9/18 18:45:30,0,31.3,30.5,LLLLLLLLLL,LLLLLLLLLL,LLLL
428,2018/9/18 18:45:35,0,31.3,30.5,LLLLLLLLLL,LLLLLLLLLL,LLLL
429,2018/9/18 18:45:40,0,31.3,30.5,LLLLLLLLLL,LLLLLLLLLL,LLLL
430,2018/9/18 18:45:45,0,31.4,30.6,LLLLLLLLLL,LLLLLLLLLL,LLLL
431,2018/9/18 18:45:50,0,31.3,30.6,LLLLLLLLLL,LLLLLLLLLL,LLLL
432,2018/9/18 18:45:55,0,31.4,30.6,LLLLLLLLLL,LLLLLLLLLL,LLLL
433,2018/9/18 18:46:00,0,31.4,30.6,LLLLLLLLLL,LLLLLLLLLL,LLLL
434,2018/9/18 18:46:05,0,31.3,30.6,LLLLLLLLLL,LLLLLLLLLL,LLLL
435,2018/9/18 18:46:10,0,31.3,30.6,LLLLLLLLLL,LLLLLLLLLL,LLLL
436,2018/9/18 18:46:15,0,31.3,30.5,LLLLLLLLLL,LLLLLLLLLL,LLLL
437,2018/9/18 18:46:20,0,31.3,30.5,LLLLLLLLLL,LLLLLLLLLL,LLLL
438,2018/9/18 18:46:25,0,31.3,30.6,LLLLLLLLLL,LLLLLLLLLL,LLLL
439,2018/9/18 18:46:30,0,31.3,30.6,LLLLLLLLLL,LLLLLLLLLL,LLLL
440,2018/9/18 18:46:35,0,31.3,30.6,LLLLLLLLLL,LLLLLLLLLL,LLLL
441,2018/9/18 18:46:40,0,31.3,30.5,LLLLLLLLLL,LLLLLLLLLL,LLLL
442,2018/9/18 18:46:45,0,31.3,30.5,LLLLLLLLLL,LLLLLLLLLL,LLLL
443,2018/9/18 18:46:50,0,31.3,30.5,LLLLLLLLLL,LLLLLLLLLL,LLLL
444,2018/9/18 18:46:55,0,31.3,30.6,LLLLLLLLLL,LLLLLLLLLL,LLLL
445,2018/9/18 18:47:00,0,31.3,30.6,LLLLLLLLLL,LLLLLLLLLL,LLLL
446,2018/9/18 18:47:05,0,31.3,30.6,LLLLLLLLLL,LLLLLLLLLL,LLLL
447,2018/9/18 18:47:10,0,31.3,30.5,LLLLLLLLLL,LLLLLLLLLL,LLLL
448,2018/9/18 18:47:15,0,31.3,30.6,LLLLLLLLLL,LLLLLLLLLL,LLLL
449,2018/9/18 18:47:20,0,31.3,30.6,LLLLLLLLLL,LLLLLLLLLL,LLLL
450,2018/9/18 18:47:25,0,31.3,30.6,LLLLLLLLLL,LLLLLLLLLL,LLLL
451,2018/9/18 18:47:30,0,31.3,30.5,LLLLLLLLLL,LLLLLLLLLL,LLLL
452,2018/9/18 18:47:35,0,31.3,30.5,LLLLLLLLLL,LLLLLLLLLL,LLLL
453,2018/9/18 18:47:40,0,31.3,30.6,LLLLLLLLLL,LLLLLLLLLL,LLLL
454,2018/9/18 18:47:45,0,31.3,30.5,LLLLLLLLLL,LLLLLLLLLL,LLLL
455,2018/9/18 18:47:50,0,31.3,30.5,LLLLLLLLLL,LLLLLLLLLL,LLLL
456,2018/9/18 18:47:55,0,31.3,30.6,LLLLLLLLLL,LLLLLLLLLL,LLLL
457,2018/9/18 18:48:00,0,31.3,30.5,LLLLLLLLLL,LLLLLLLLLL,LLLL
458,2018/9/18 18:48:05,0,31.3,30.6,LLLLLLLLLL,LLLLLLLLLL,LLLL
459,2018/9/18 18:48:10,0,31.3,30.5,LLLLLLLLLL,LLLLLLLLLL,LLLL
460,2018/9/18 18:48:15,0,31.3,30.5,LLLLLLLLLL,LLLLLLLLLL,LLLL
461,2018/9/18 18:48:20,0,31.3,30.5,LLLLLLLLLL,LLLLLLLLLL,LLLL
462,2018/9/18 18:48:25,0,31.3,30.5,LLLLLLLLLL,LLLLLLLLLL,LLLL
463,2018/9/18 18:48:30,0,31.4,30.6,LLLLLLLLLL,LLLLLLLLLL,LLLL
464,2018/9/18 18:48:35,0,31.4,30.6,LLLLLLLLLL,LLLLLLLLLL,LLLL
465,2018/9/18 18:48:40,0,31.4,30.6,LLLLLLLLLL,LLLLLLLLLL,LLLL
466,2018/9/18 18:48:45,0,31.3,30.6,LLLLLLLLLL,LLLLLLLLLL,LLLL
467,2018/9/18 18:48:50,0,31.4,30.6,LLLLLLLLLL,LLLLLLLLLL,LLLL
468,2018/9/18 18:48:55,0,31.4,30.6,LLLLLLLLLL,LLLLLLLLLL,LLLL
469,2018/9/18 18:49:00,0,31.4,30.6,LLLLLLLLLL,LLLLLLLLLL,LLLL
470,2018/9/18 18:49:05,0,31.4,30.6,LLLLLLLLLL,LLLLLLLLLL,LLLL
471,2018/9/18 18:49:10,0,31.4,30.6,LLLLLLLLLL,LLLLLLLLLL,LLLL
472,2018/9/18 18:49:15,0,31.4,30.6,LLLLLLLLLL,LLLLLLLLLL,LLLL
473,2018/9/18 18:49:20,0,31.4,30.6,LLLLLLLLLL,LLLLLLLLLL,LLLL
474,2018/9/18 18:49:25,0,31.3,30.6,LLLLLLLLLL,LLLLLLLLLL,LLLL
475,2018/9/18 18:49:30,0,31.3,30.6,LLLLLLLLLL,LLLLLLLLLL,LLLL
476,2018/9/18 18:49:35,0,31.3,30.6,LLLLLLLLLL,LLLLLLLLLL,LLLL
477,2018/9/18 18:49:40,0,31.4,30.6,LLLLLLLLLL,LLLLLLLLLL,LLLL
478,2018/9/18 18:49:45,0,31.4,30.6,LLLLLLLLLL,LLLLLLLLLL,LLLL
479,2018/9/18 18:49:50,0,31.4,30.6,LLLLLLLLLL,LLLLLLLLLL,LLLL
480,2018/9/18 18:49:55,0,31.3,30.6,LLLLLLLLLL,LLLLLLLLLL,LLLL
481,2018/9/18 18:50:00,0,31.3,30.6,LLLLLLLLLL,LLLLLLLLLL,LLLL
482,2018/9/18 18:50:05,0,31.3,30.5,LLLLLLLLLL,LLLLLLLLLL,LLLL
483,2018/9/18 18:50:10,0,31.3,30.5,LLLLLLLLLL,LLLLLLLLLL,LLLL
484,2018/9/18 18:50:15,0,31.3,30.6,LLLLLLLLLL,LLLLLLLLLL,LLLL
485,2018/9/18 18:50:20,0,31.3,30.5,LLLLLLLLLL,LLLLLLLLLL,LLLL
486,2018/9/18 18:50:25,0,31.3,30.5,LLLLLLLLLL,LLLLLLLLLL,LLLL
487,2018/9/18 18:50:30,0,31.3,30.6,LLLLLLLLLL,LLLLLLLLLL,LLLL
488,2018/9/18 18:50:35,0,31.3,30.5,LLLLLLLLLL,LLLLLLLLLL,LLLL
489,2018/9/18 18:50:40,0,31.3,30.5,LLLLLLLLLL,LLLLLLLLLL,LLLL
490,2018/9/18 18:50:45,0,31.3,30.5,LLLLLLLLLL,LLLLLLLLLL,LLLL
491,2018/9/18 18:50:50,0,31.3,30.5,LLLLLLLLLL,LLLLLLLLLL,LLLL
492,2018/9/18 18:50:55,0,31.3,30.5,LLLLLLLLLL,LLLLLLLLLL,LLLL
493,2018/9/18 18:51:00,0,31.3,30.6,LLLLLLLLLL,LLLLLLLLLL,LLLL
494,2018/9/18 18:51:05,0,31.3,30.5,LLLLLLLLLL,LLLLLLLLLL,LLLL
495,2018/9/18 18:51:10,0,31.3,30.6,LLLLLLLLLL,LLLLLLLLLL,LLLL
496,2018/9/18 18:51:15,0,31.3,30.6,LLLLLLLLLL,LLLLLLLLLL,LLLL
497,2018/9/18 18:51:20,0,31.3,30.6,LLLLLLLLLL,LLLLLLLLLL,LLLL
498,2018/9/18 18:51:25,0,31.3,30.5,LLLLLLLLLL,LLLLLLLLLL,LLLL
499,2018/9/18 18:51:30,0,31.3,30.5,LLLLLLLLLL,LLLLLLLLLL,LLLL
500,2018/9/18 18:51:35,0,31.3,30.5,LLLLLLLLLL,LLLLLLLLLL,LLLL
501,2018/9/18 18:51:40,0,31.3,30.5,LLLLLLLLLL,LLLLLLLLLL,LLLL
502,2018/9/18 18:51:45,0,31.3,30.5,LLLLLLLLLL,LLLLLLLLLL,LLLL
503,2018/9/18 18:51:50,0,31.3,30.5,LLLLLLLLLL,LLLLLLLLLL,LLLL
504,2018/9/18 18:51:55,0,31.3,30.5,LLLLLLLLLL,LLLLLLLLLL,LLLL
505,2018/9/18 18:52:00,0,31.3,30.5,LLLLLLLLLL,LLLLLLLLLL,LLLL
506,2018/9/18 18:52:05,0,31.3,30.5,LLLLLLLLLL,LLLLLLLLLL,LLLL
507,2018/9/18 18:52:10,0,31.3,30.5,LLLLLLLLLL,LLLLLLLLLL,LLLL
508,2018/9/18 18:52:15,0,31.3,30.5,LLLLLLLLLL,LLLLLLLLLL,LLLL
509,2018/9/18 18:52:20,0,31.3,30.6,LLLLLLLLLL,LLLLLLLLLL,LLLL
510,2018/9/18 18:52:25,0,31.3,30.5,LLLLLLLLLL,LLLLLLLLLL,LLLL
511,2018/9/18 18:52:30,0,31.3,30.5,LLLLLLLLLL,LLLLLLLLLL,LLLL
512,2018/9/18 18:52:35,0,31.3,30.6,LLLLLLLLLL,LLLLLLLLLL,LLLL
513,2018/9/18 18:52:40,0,31.3,30.5,LLLLLLLLLL,LLLLLLLLLL,LLLL
514,2018/9/18 18:52:45,0,31.2,30.5,LLLLLLLLLL,LLLLLLLLLL,LLLL
515,2018/9/18 18:52:50,0,31.3,30.5,LLLLLLLLLL,LLLLLLLLLL,LLLL
516,2018/9/18 18:52:55,0,31.2,30.5,LLLLLLLLLL,LLLLLLLLLL,LLLL
517,2018/9/18 18:53:00,0,31.3,30.6,LLLLLLLLLL,LLLLLLLLLL,LLLL
518,2018/9/18 18:53:05,0,31.2,30.6,LLLLLLLLLL,LLLLLLLLLL,LLLL
519,2018/9/18 18:53:10,0,31.2,30.6,LLLLLLLLLL,LLLLLLLLLL,LLLL
520,2018/9/18 18:53:15,0,31.3,30.5,LLLLLLLLLL,LLLLLLLLLL,LLLL
521,2018/9/18 18:53:20,0,31.2,30.5,LLLLLLLLLL,LLLLLLLLLL,LLLL
522,2018/9/18 18:53:25,0,31.2,30.5,LLLLLLLLLL,LLLLLLLLLL,LLLL
523,2018/9/18 18:53:30,0,31.3,30.6,LLLLLLLLLL,LLLLLLLLLL,LLLL
524,2018/9/18 18:53:35,0,31.3,30.5,LLLLLLLLLL,LLLLLLLLLL,LLLL
525,2018/9/18 18:53:40,0,31.3,30.5,LLLLLLLLLL,LLLLLLLLLL,LLLL
526,2018/9/18 18:53:45,0,31.3,30.6,LLLLLLLLLL,LLLLLLLLLL,LLLL
527,2018/9/18 18:53:50,0,31.2,30.5,LLLLLLLLLL,LLLLLLLLLL,LLLL
528,2018/9/18 18:53:55,0,31.2,30.6,LLLLLLLLLL,LLLLLLLLLL,LLLL
529,2018/9/18 18:54:00,0,31.3,30.6,LLLLLLLLLL,LLLLLLLLLL,LLLL
530,2018/9/18 18:54:05,0,31.3,30.6,LLLLLLLLLL,LLLLLLLLLL,LLLL
531,2018/9/18 18:54:10,0,31.3,30.6,LLLLLLLLLL,LLLLLLLLLL,LLLL
532,2018/9/18 18:54:15,0,31.3,30.6,LLLLLLLLLL,LLLLLLLLLL,LLLL
533,2018/9/18 18:54:20,0,31.3,30.6,LLLLLLLLLL,LLLLLLLLLL,LLLL
534,2018/9/18 18:54:25,0,31.3,30.6,LLLLLLLLLL,LLLLLLLLLL,LLLL
535,2018/9/18 18:54:30,0,31.3,30.6,LLLLLLLLLL,LLLLLLLLLL,LLLL
536,2018/9/18 18:54:35,0,31.3,30.6,LLLLLLLLLL,LLLLLLLLLL,LLLL
537,2018/9/18 18:54:40,0,31.3,30.5,LLLLLLLLLL,LLLLLLLLLL,LLLL
538,2018/9/18 18:54:45,0,31.3,30.6,LLLLLLLLLL,LLLLLLLLLL,LLLL
539,2018/9/18 18:54:50,0,31.3,30.6,LLLLLLLLLL,LLLLLLLLLL,LLLL
540,2018/9/18 18:54:55,0,31.3,30.5,LLLLLLLLLL,LLLLLLLLLL,LLLL
541,2018/9/18 18:55:00,0,31.2,30.5,LLLLLLLLLL,LLLLLLLLLL,LLLL
542,2018/9/18 18:55:05,0,31.2,30.5,LLLLLLLLLL,LLLLLLLLLL,LLLL
543,2018/9/18 18:55:10,0,31.2,30.5,LLLLLLLLLL,LLLLLLLLLL,LLLL
544,2018/9/18 18:55:15,0,31.2,30.5,LLLLLLLLLL,LLLLLLLLLL,LLLL
545,2018/9/18 18:55:20,0,31.3,30.5,LLLLLLLLLL,LLLLLLLLLL,LLLL
546,2018/9/18 18:55:25,0,31.2,30.5,LLLLLLLLLL,LLLLLLLLLL,LLLL
547,2018/9/18 18:55:30,0,31.2,30.5,LLLLLLLLLL,LLLLLLLLLL,LLLL
548,2018/9/18 18:55:35,0,31.2,30.5,LLLLLLLLLL,LLLLLLLLLL,LLLL
549,2018/9/18 18:55:40,0,31.2,30.5,LLLLLLLLLL,LLLLLLLLLL,LLLL
550,2018/9/18 18:55:45,0,31.3,30.5,LLLLLLLLLL,LLLLLLLLLL,LLLL
551,2018/9/18 18:55:50,0,31.3,30.6,LLLLLLLLLL,LLLLLLLLLL,LLLL
552,2018/9/18 18:55:55,0,31.3,30.6,LLLLLLLLLL,LLLLLLLLLL,LLLL
553,2018/9/18 18:56:00,0,31.3,30.6,LLLLLLLLLL,LLLLLLLLLL,LLLL
554,2018/9/18 18:56:05,0,31.3,30.6,LLLLLLLLLL,LLLLLLLLLL,LLLL
555,2018/9/18 18:56:10,0,31.3,30.6,LLLLLLLLLL,LLLLLLLLLL,LLLL
556,2018/9/18 18:56:15,0,31.3,30.6,LLLLLLLLLL,LLLLLLLLLL,LLLL
557,2018/9/18 18:56:20,0,31.3,30.6,LLLLLLLLLL,LLLLLLLLLL,LLLL
558,2018/9/18 18:56:25,0,31.3,30.6,LLLLLLLLLL,LLLLLLLLLL,LLLL
559,2018/9/18 18:56:30,0,31.3,30.6,LLLLLLLLLL,LLLLLLLLLL,LLLL
560,2018/9/18 18:56:35,0,31.3,30.6,LLLLLLLLLL,LLLLLLLLLL,LLLL
561,2018/9/18 18:56:40,0,31.3,30.6,LLLLLLLLLL,LLLLLLLLLL,LLLL
562,2018/9/18 18:56:45,0,31.2,30.5,LLLLLLLLLL,LLLLLLLLLL,LLLL
563,2018/9/18 18:56:50,0,31.1,30.5,LLLLLLLLLL,LLLLLLLLLL,LLLL
564,2018/9/18 18:56:55,0,31.1,30.5,LLLLLLLLLL,LLLLLLLLLL,LLLL
565,2018/9/18 18:57:00,0,31.1,30.5,LLLLLLLLLL,LLLLLLLLLL,LLLL
566,2018/9/18 18:57:05,0,31.2,30.6,LLLLLLLLLL,LLLLLLLLLL,LLLL
567,2018/9/18 18:57:10,0,31.2,30.5,LLLLLLLLLL,LLLLLLLLLL,LLLL
568,2018/9/18 18:57:15,0,31.2,30.5,LLLLLLLLLL,LLLLLLLLLL,LLLL
569,2018/9/18 18:57:20,0,31.1,30.5,LLLLLLLLLL,LLLLLLLLLL,LLLL
570,2018/9/18 18:57:25,0,31.1,30.5,LLLLLLLLLL,LLLLLLLLLL,LLLL
571,2018/9/18 18:57:30,0,31.1,30.5,LLLLLLLLLL,LLLLLLLLLL,LLLL
572,2018/9/18 18:57:35,0,31.1,30.5,LLLLLLLLLL,LLLLLLLLLL,LLLL
573,2018/9/18 18:57:40,0,31.1,30.4,LLLLLLLLLL,LLLLLLLLLL,LLLL
574,2018/9/18 18:57:45,0,31.2,30.5,LLLLLLLLLL,LLLLLLLLLL,LLLL
575,2018/9/18 18:57:50,0,31.1,30.5,LLLLLLLLLL,LLLLLLLLLL,LLLL
576,2018/9/18 18:57:55,0,31.1,30.5,LLLLLLLLLL,LLLLLLLLLL,LLLL
577,2018/9/18 18:58:00,0,31.1,30.4,LLLLLLLLLL,LLLLLLLLLL,LLLL
578,2018/9/18 18:58:05,0,31.1,30.4,LLLLLLLLLL,LLLLLLLLLL,LLLL
579,2018/9/18 18:58:10,0,31.1,30.5,LLLLLLLLLL,LLLLLLLLLL,LLLL
580,2018/9/18 18:58:15,0,31.1,30.5,LLLLLLLLLL,LLLLLLLLLL,LLLL
581,2018/9/18 18:58:20,0,31.1,30.5,LLLLLLLLLL,LLLLLLLLLL,LLLL
582,2018/9/18 18:58:25,0,31.1,30.4,LLLLLLLLLL,LLLLLLLLLL,LLLL
583,2018/9/18 18:58:30,0,31.1,30.5,LLLLLLLLLL,LLLLLLLLLL,LLLL
584,2018/9/18 18:58:35,0,31.1,30.5,LLLLLLLLLL,LLLLLLLLLL,LLLL
585,2018/9/18 18:58:40,0,31.1,30.5,LLLLLLLLLL,LLLLLLLLLL,LLLL
586,2018/9/18 18:58:45,0,31.1,30.5,LLLLLLLLLL,LLLLLLLLLL,LLLL
587,2018/9/18 18:58:50,0,31.1,30.4,LLLLLLLLLL,LLLLLLLLLL,LLLL
588,2018/9/18 18:58:55,0,31.1,30.4,LLLLLLLLLL,LLLLLLLLLL,LLLL
589,2018/9/18 18:59:00,0,31.1,30.4,LLLLLLLLLL,LLLLLLLLLL,LLLL
590,2018/9/18 18:59:05,0,31.1,30.4,LLLLLLLLLL,LLLLLLLLLL,LLLL
591,2018/9/18 18:59:10,0,31.1,30.4,LLLLLLLLLL,LLLLLLLLLL,LLLL
592,2018/9/18 18:59:15,0,31.1,30.4,LLLLLLLLLL,LLLLLLLLLL,LLLL
593,2018/9/18 18:59:20,0,31.2,30.5,LLLLLLLLLL,LLLLLLLLLL,LLLL
594,2018/9/18 18:59:25,0,31.1,30.4,LLLLLLLLLL,LLLLLLLLLL,LLLL
595,2018/9/18 18:59:30,0,31.2,30.5,LLLLLLLLLL,LLLLLLLLLL,LLLL
596,2018/9/18 18:59:35,0,31.2,30.5,LLLLLLLLLL,LLLLLLLLLL,LLLL
597,2018/9/18 18:59:40,0,31.1,30.5,LLLLLLLLLL,LLLLLLLLLL,LLLL
598,2018/9/18 18:59:45,0,31.1,30.5,LLLLLLLLLL,LLLLLLLLLL,LLLL
599,2018/9/18 18:59:50,0,31.2,30.5,LLLLLLLLLL,LLLLLLLLLL,LLLL
600,2018/9/18 18:59:55,0,31.2,30.5,LLLLLLLLLL,LLLLLLLLLL,LLLL
601,2018/9/18 19:00:00,0,31.1,30.6,LLLLLLLLLL,LLLLLLLLLL,LLLL
602,2018/9/18 19:00:05,0,31.1,30.5,LLLLLLLLLL,LLLLLLLLLL,LLLL
603,2018/9/18 19:00:10,0,31.1,30.5,LLLLLLLLLL,LLLLLLLLLL,LLLL
604,2018/9/18 19:00:15,0,31.1,30.5,LLLLLLLLLL,LLLLLLLLLL,LLLL
605,2018/9/18 19:00:20,0,31.1,30.5,LLLLLLLLLL,LLLLLLLLLL,LLLL
606,2018/9/18 19:00:25,0,31.1,30.4,LLLLLLLLLL,LLLLLLLLLL,LLLL
607,2018/9/18 19:00:30,0,31.1,30.5,LLLLLLLLLL,LLLLLLLLLL,LLLL
608,2018/9/18 19:00:35,0,31.1,30.5,LLLLLLLLLL,LLLLLLLLLL,LLLL
609,2018/9/18 19:00:40,0,31.1,30.5,LLLLLLLLLL,LLLLLLLLLL,LLLL
610,2018/9/18 19:00:45,0,31.1,30.4,LLLLLLLLLL,LLLLLLLLLL,LLLL
611,2018/9/18 19:00:50,0,31.1,30.5,LLLLLLLLLL,LLLLLLLLLL,LLLL
612,2018/9/18 19:00:55,0,31.1,30.5,LLLLLLLLLL,LLLLLLLLLL,LLLL
613,2018/9/18 19:01:00,0,31.1,30.4,LLLLLLLLLL,LLLLLLLLLL,LLLL
614,2018/9/18 19:01:05,0,31.1,30.5,LLLLLLLLLL,LLLLLLLLLL,LLLL
615,2018/9/18 19:01:10,0,31.1,30.5,LLLLLLLLLL,LLLLLLLLLL,LLLL
616,2018/9/18 19:01:15,0,31.1,30.4,LLLLLLLLLL,LLLLLLLLLL,LLLL
617,2018/9/18 19:01:20,0,31.2,30.5,LLLLLLLLLL,LLLLLLLLLL,LLLL
618,2018/9/18 19:01:25,0,31.2,30.5,LLLLLLLLLL,LLLLLLLLLL,LLLL
619,2018/9/18 19:01:30,0,31.2,30.5,LLLLLLLLLL,LLLLLLLLLL,LLLL
620,2018/9/18 19:01:35,0,31.2,30.4,LLLLLLLLLL,LLLLLLLLLL,LLLL
621,2018/9/18 19:01:40,0,31.1,30.5,LLLLLLLLLL,LLLLLLLLLL,LLLL
622,2018/9/18 19:01:45,0,31.1,30.5,LLLLLLLLLL,LLLLLLLLLL,LLLL
623,2018/9/18 19:01:50,0,31.1,30.5,LLLLLLLLLL,LLLLLLLLLL,LLLL
624,2018/9/18 19:01:55,0,31.1,30.4,LLLLLLLLLL,LLLLLLLLLL,LLLL
625,2018/9/18 19:02:00,0,31.1,30.5,LLLLLLLLLL,LLLLLLLLLL,LLLL
626,2018/9/18 19:02:05,0,31.1,30.5,LLLLLLLLLL,LLLLLLLLLL,LLLL
627,2018/9/18 19:02:10,0,31.1,30.5,LLLLLLLLLL,LLLLLLLLLL,LLLL
628,2018/9/18 19:02:15,0,31.1,30.4,LLLLLLLLLL,LLLLLLLLLL,LLLL
629,2018/9/18 19:02:20,0,31.1,30.4,LLLLLLLLLL,LLLLLLLLLL,LLLL
630,2018/9/18 19:02:25,0,31.1,30.3,LLLLLLLLLL,LLLLLLLLLL,LLLL
631,2018/9/18 19:02:30,0,31.1,30.4,LLLLLLLLLL,LLLLLLLLLL,LLLL
632,2018/9/18 19:02:35,0,31.1,30.4,LLLLLLLLLL,LLLLLLLLLL,LLLL
633,2018/9/18 19:02:40,0,31.1,30.4,LLLLLLLLLL,LLLLLLLLLL,LLLL
634,2018/9/18 19:02:45,0,31.1,30.4,LLLLLLLLLL,LLLLLLLLLL,LLLL
635,2018/9/18 19:02:50,0,31.1,30.4,LLLLLLLLLL,LLLLLLLLLL,LLLL
636,2018/9/18 19:02:55,0,31.1,30.4,LLLLLLLLLL,LLLLLLLLLL,LLLL
637,2018/9/18 19:03:00,0,31.1,30.4,LLLLLLLLLL,LLLLLLLLLL,LLLL
638,2018/9/18 19:03:05,0,31.1,30.4,LLLLLLLLLL,LLLLLLLLLL,LLLL
639,2018/9/18 19:03:10,0,31.1,30.4,LLLLLLLLLL,LLLLLLLLLL,LLLL
640,2018/9/18 19:03:15,0,31.1,30.4,LLLLLLLLLL,LLLLLLLLLL,LLLL
641,2018/9/18 19:03:20,0,31.1,30.4,LLLLLLLLLL,LLLLLLLLLL,LLLL
642,2018/9/18 19:03:25,0,31.1,30.5,LLLLLLLLLL,LLLLLLLLLL,LLLL
643,2018/9/18 19:03:30,0,31.2,30.4,LLLLLLLLLL,LLLLLLLLLL,LLLL
644,2018/9/18 19:03:35,0,31.1,30.5,LLLLLLLLLL,LLLLLLLLLL,LLLL
645,2018/9/18 19:03:40,0,31.1,30.5,LLLLLLLLLL,LLLLLLLLLL,LLLL
646,2018/9/18 19:03:45,0,31.1,30.5,LLLLLLLLLL,LLLLLLLLLL,LLLL
647,2018/9/18 19:03:50,0,31.1,30.4,LLLLLLLLLL,LLLLLLLLLL,LLLL
648,2018/9/18 19:03:55,0,31.1,30.4,LLLLLLLLLL,LLLLLLLLLL,LLLL
649,2018/9/18 19:04:00,0,31.1,30.4,LLLLLLLLLL,LLLLLLLLLL,LLLL
650,2018/9/18 19:04:05,0,31.1,30.4,LLLLLLLLLL,LLLLLLLLLL,LLLL
651,2018/9/18 19:04:10,0,31.1,30.4,LLLLLLLLLL,LLLLLLLLLL,LLLL
652,2018/9/18 19:04:15,0,31.1,30.4,LLLLLLLLLL,LLLLLLLLLL,LLLL
653,2018/9/18 19:04:20,0,31.1,30.5,LLLLLLLLLL,LLLLLLLLLL,LLLL
654,2018/9/18 19:04:25,0,31.1,30.5,LLLLLLLLLL,LLLLLLLLLL,LLLL
655,2018/9/18 19:04:30,0,31.1,30.5,LLLLLLLLLL,LLLLLLLLLL,LLLL
656,2018/9/18 19:04:35,0,31.1,30.5,LLLLLLLLLL,LLLLLLLLLL,LLLL
657,2018/9/18 19:04:40,0,31.1,30.5,LLLLLLLLLL,LLLLLLLLLL,LLLL
658,2018/9/18 19:04:45,0,31.1,30.5,LLLLLLLLLL,LLLLLLLLLL,LLLL
659,2018/9/18 19:04:50,0,31.1,30.5,LLLLLLLLLL,LLLLLLLLLL,LLLL
660,2018/9/18 19:04:55,0,31.1,30.5,LLLLLLLLLL,LLLLLLLLLL,LLLL
661,2018/9/18 19:05:00,0,31.1,30.5,LLLLLLLLLL,LLLLLLLLLL,LLLL
662,2018/9/18 19:05:05,0,31.1,30.4,LLLLLLLLLL,LLLLLLLLLL,LLLL
663,2018/9/18 19:05:10,0,31.1,30.5,LLLLLLLLLL,LLLLLLLLLL,LLLL
664,2018/9/18 19:05:15,0,31.1,30.4,LLLLLLLLLL,LLLLLLLLLL,LLLL
665,2018/9/18 19:05:20,0,31.1,30.4,LLLLLLLLLL,LLLLLLLLLL,LLLL
666,2018/9/18 19:05:25,0,31.1,30.3,LLLLLLLLLL,LLLLLLLLLL,LLLL
667,2018/9/18 19:05:30,0,31.1,30.4,LLLLLLLLLL,LLLLLLLLLL,LLLL
668,2018/9/18 19:05:35,0,31.1,30.3,LLLLLLLLLL,LLLLLLLLLL,LLLL
669,2018/9/18 19:05:40,0,31.1,30.3,LLLLLLLLLL,LLLLLLLLLL,LLLL
670,2018/9/18 19:05:45,0,31.1,30.3,LLLLLLLLLL,LLLLLLLLLL,LLLL
671,2018/9/18 19:05:50,0,31.1,30.3,LLLLLLLLLL,LLLLLLLLLL,LLLL
672,2018/9/18 19:05:55,0,31.1,30.3,LLLLLLLLLL,LLLLLLLLLL,LLLL
673,2018/9/18 19:06:00,0,31.1,30.3,LLLLLLLLLL,LLLLLLLLLL,LLLL
674,2018/9/18 19:06:05,0,31.1,30.3,LLLLLLLLLL,LLLLLLLLLL,LLLL
675,2018/9/18 19:06:10,0,31.1,30.3,LLLLLLLLLL,LLLLLLLLLL,LLLL
676,2018/9/18 19:06:15,0,31.1,30.3,LLLLLLLLLL,LLLLLLLLLL,LLLL
677,2018/9/18 19:06:20,0,31.1,30.3,LLLLLLLLLL,LLLLLLLLLL,LLLL
678,2018/9/18 19:06:25,0,31.1,30.3,LLLLLLLLLL,LLLLLLLLLL,LLLL
679,2018/9/18 19:06:30,0,31.1,30.4,LLLLLLLLLL,LLLLLLLLLL,LLLL
680,2018/9/18 19:06:35,0,31.1,30.3,LLLLLLLLLL,LLLLLLLLLL,LLLL
681,2018/9/18 19:06:40,0,31.1,30.3,LLLLLLLLLL,LLLLLLLLLL,LLLL
682,2018/9/18 19:06:45,0,31.1,30.3,LLLLLLLLLL,LLLLLLLLLL,LLLL
683,2018/9/18 19:06:50,0,31.1,30.3,LLLLLLLLLL,LLLLLLLLLL,LLLL
684,2018/9/18 19:06:55,0,31.1,30.3,LLLLLLLLLL,LLLLLLLLLL,LLLL
685,2018/9/18 19:07:00,0,31.1,30.3,LLLLLLLLLL,LLLLLLLLLL,LLLL
686,2018/9/18 19:07:05,0,31.1,30.3,LLLLLLLLLL,LLLLLLLLLL,LLLL
687,2018/9/18 19:07:10,0,31.1,30.3,LLLLLLLLLL,LLLLLLLLLL,LLLL
688,2018/9/18 19:07:15,0,31.1,30.3,LLLLLLLLLL,LLLLLLLLLL,LLLL
689,2018/9/18 19:07:20,0,31.1,30.3,LLLLLLLLLL,LLLLLLLLLL,LLLL
690,2018/9/18 19:07:25,0,31.1,30.3,LLLLLLLLLL,LLLLLLLLLL,LLLL
691,2018/9/18 19:07:30,0,31.1,30.3,LLLLLLLLLL,LLLLLLLLLL,LLLL
692,2018/9/18 19:07:35,0,31.1,30.3,LLLLLLLLLL,LLLLLLLLLL,LLLL
693,2018/9/18 19:07:40,0,31.1,30.3,LLLLLLLLLL,LLLLLLLLLL,LLLL
694,2018/9/18 19:07:45,0,31.1,30.4,LLLLLLLLLL,LLLLLLLLLL,LLLL
695,2018/9/18 19:07:50,0,31.1,30.3,LLLLLLLLLL,LLLLLLLLLL,LLLL
696,2018/9/18 19:07:55,0,31.1,30.4,LLLLLLLLLL,LLLLLLLLLL,LLLL
697,2018/9/18 19:08:00,0,31.1,30.3,LLLLLLLLLL,LLLLLLLLLL,LLLL
698,2018/9/18 19:08:05,0,31.1,30.3,LLLLLLLLLL,LLLLLLLLLL,LLLL
699,2018/9/18 19:08:10,0,31.1,30.3,LLLLLLLLLL,LLLLLLLLLL,LLLL
700,2018/9/18 19:08:15,0,31.1,30.3,LLLLLLLLLL,LLLLLLLLLL,LLLL
701,2018/9/18 19:08:20,0,31.1,30.3,LLLLLLLLLL,LLLLLLLLLL,LLLL
702,2018/9/18 19:08:25,0,31.1,30.3,LLLLLLLLLL,LLLLLLLLLL,LLLL
703,2018/9/18 19:08:30,0,31.1,30.3,LLLLLLLLLL,LLLLLLLLLL,LLLL
704,2018/9/18 19:08:35,0,31.1,30.3,LLLLLLLLLL,LLLLLLLLLL,LLLL
705,2018/9/18 19:08:40,0,31.1,30.3,LLLLLLLLLL,LLLLLLLLLL,LLLL
706,2018/9/18 19:08:45,0,31.1,30.3,LLLLLLLLLL,LLLLLLLLLL,LLLL
707,2018/9/18 19:08:50,0,31.1,30.3,LLLLLLLLLL,LLLLLLLLLL,LLLL
708,2018/9/18 19:08:55,0,31.1,30.3,LLLLLLLLLL,LLLLLLLLLL,LLLL
709,2018/9/18 19:09:00,0,31,30.3,LLLLLLLLLL,LLLLLLLLLL,LLLL
710,2018/9/18 19:09:05,0,31,30.3,LLLLLLLLLL,LLLLLLLLLL,LLLL
711,2018/9/18 19:09:10,0,31,30.3,LLLLLLLLLL,LLLLLLLLLL,LLLL
712,2018/9/18 19:09:15,0,31.1,30.2,LLLLLLLLLL,LLLLLLLLLL,LLLL
713,2018/9/18 19:09:20,0,31,30.3,LLLLLLLLLL,LLLLLLLLLL,LLLL
714,2018/9/18 19:09:25,0,31,30.2,LLLLLLLLLL,LLLLLLLLLL,LLLL
715,2018/9/18 19:09:30,0,31,30.2,LLLLLLLLLL,LLLLLLLLLL,LLLL
716,2018/9/18 19:09:35,0,31.1,30.3,LLLLLLLLLL,LLLLLLLLLL,LLLL
717,2018/9/18 19:09:40,0,31.1,30.3,LLLLLLLLLL,LLLLLLLLLL,LLLL
718,2018/9/18 19:09:45,0,31.1,30.3,LLLLLLLLLL,LLLLLLLLLL,LLLL
719,2018/9/18 19:09:50,0,31.1,30.3,LLLLLLLLLL,LLLLLLLLLL,LLLL
720,2018/9/18 19:09:55,0,31.1,30.3,LLLLLLLLLL,LLLLLLLLLL,LLLL
721,2018/9/18 19:10:00,0,31,30.3,LLLLLLLLLL,LLLLLLLLLL,LLLL
722,2018/9/18 19:10:05,0,31.1,30.3,LLLLLLLLLL,LLLLLLLLLL,LLLL
723,2018/9/18 19:10:10,0,31.1,30.3,LLLLLLLLLL,LLLLLLLLLL,LLLL
724,2018/9/18 19:10:15,0,31,30.3,LLLLLLLLLL,LLLLLLLLLL,LLLL
725,2018/9/18 19:10:20,0,31,30.3,LLLLLLLLLL,LLLLLLLLLL,LLLL
726,2018/9/18 19:10:25,0,31,30.3,LLLLLLLLLL,LLLLLLLLLL,LLLL
727,2018/9/18 19:10:30,0,31,30.3,LLLLLLLLLL,LLLLLLLLLL,LLLL
728,2018/9/18 19:10:35,0,31,30.3,LLLLLLLLLL,LLLLLLLLLL,LLLL
729,2018/9/18 19:10:40,0,31,30.3,LLLLLLLLLL,LLLLLLLLLL,LLLL
730,2018/9/18 19:10:45,0,31,30.3,LLLLLLLLLL,LLLLLLLLLL,LLLL
731,2018/9/18 19:10:50,0,31,30.3,LLLLLLLLLL,LLLLLLLLLL,LLLL
732,2018/9/18 19:10:55,0,31,30.3,LLLLLLLLLL,LLLLLLLLLL,LLLL
733,2018/9/18 19:11:00,0,31,30.3,LLLLLLLLLL,LLLLLLLLLL,LLLL
734,2018/9/18 19:11:05,0,31,30.3,LLLLLLLLLL,LLLLLLLLLL,LLLL
735,2018/9/18 19:11:10,0,31,30.3,LLLLLLLLLL,LLLLLLLLLL,LLLL
736,2018/9/18 19:11:15,0,31,30.2,LLLLLLLLLL,LLLLLLLLLL,LLLL
737,2018/9/18 19:11:20,0,31,30.3,LLLLLLLLLL,LLLLLLLLLL,LLLL
738,2018/9/18 19:11:25,0,31,30.3,LLLLLLLLLL,LLLLLLLLLL,LLLL
739,2018/9/18 19:11:30,0,31,30.3,LLLLLLLLLL,LLLLLLLLLL,LLLL
740,2018/9/18 19:11:35,0,31,30.3,LLLLLLLLLL,LLLLLLLLLL,LLLL
741,2018/9/18 19:11:40,0,31,30.3,LLLLLLLLLL,LLLLLLLLLL,LLLL
742,2018/9/18 19:11:45,0,31,30.3,LLLLLLLLLL,LLLLLLLLLL,LLLL
743,2018/9/18 19:11:50,0,31,30.3,LLLLLLLLLL,LLLLLLLLLL,LLLL
744,2018/9/18 19:11:55,0,31,30.2,LLLLLLLLLL,LLLLLLLLLL,LLLL
745,2018/9/18 19:12:00,0,31,30.3,LLLLLLLLLL,LLLLLLLLLL,LLLL
746,2018/9/18 19:12:05,0,31,30.3,LLLLLLLLLL,LLLLLLLLLL,LLLL
747,2018/9/18 19:12:10,0,31,30.3,LLLLLLLLLL,LLLLLLLLLL,LLLL
748,2018/9/18 19:12:15,0,31,30.2,LLLLLLLLLL,LLLLLLLLLL,LLLL
749,2018/9/18 19:12:20,0,31.1,30.3,LLLLLLLLLL,LLLLLLLLLL,LLLL
750,2018/9/18 19:12:25,0,31,30.3,LLLLLLLLLL,LLLLLLLLLL,LLLL
751,2018/9/18 19:12:30,0,31.1,30.3,LLLLLLLLLL,LLLLLLLLLL,LLLL
752,2018/9/18 19:12:35,0,31,30.3,LLLLLLLLLL,LLLLLLLLLL,LLLL
753,2018/9/18 19:12:40,0,31,30.3,LLLLLLLLLL,LLLLLLLLLL,LLLL
754,2018/9/18 19:12:45,0,31,30.3,LLLLLLLLLL,LLLLLLLLLL,LLLL
755,2018/9/18 19:12:50,0,31,30.3,LLLLLLLLLL,LLLLLLLLLL,LLLL
756,2018/9/18 19:12:55,0,31,30.3,LLLLLLLLLL,LLLLLLLLLL,LLLL
757,2018/9/18 19:13:00,0,31,30.3,LLLLLLLLLL,LLLLLLLLLL,LLLL
758,2018/9/18 19:13:05,0,31.1,30.3,LLLLLLLLLL,LLLLLLLLLL,LLLL
759,2018/9/18 19:13:10,0,31,30.3,LLLLLLLLLL,LLLLLLLLLL,LLLL
760,2018/9/18 19:13:15,0,30.9,30.2,LLLLLLLLLL,LLLLLLLLLL,LLLL
761,2018/9/18 19:13:20,0,31,30.2,LLLLLLLLLL,LLLLLLLLLL,LLLL
762,2018/9/18 19:13:25,0,30.9,30.3,LLLLLLLLLL,LLLLLLLLLL,LLLL
763,2018/9/18 19:13:30,0,30.9,30.2,LLLLLLLLLL,LLLLLLLLLL,LLLL
764,2018/9/18 19:13:35,0,31,30.2,LLLLLLLLLL,LLLLLLLLLL,LLLL
765,2018/9/18 19:13:40,0,31,30.2,LLLLLLLLLL,LLLLLLLLLL,LLLL
766,2018/9/18 19:13:45,0,31,30.2,LLLLLLLLLL,LLLLLLLLLL,LLLL
767,2018/9/18 19:13:50,0,31,30.3,LLLLLLLLLL,LLLLLLLLLL,LLLL
768,2018/9/18 19:13:55,0,31,30.2,LLLLLLLLLL,LLLLLLLLLL,LLLL
769,2018/9/18 19:14:00,0,30.9,30.2,LLLLLLLLLL,LLLLLLLLLL,LLLL
770,2018/9/18 19:14:05,0,31,30.2,LLLLLLLLLL,LLLLLLLLLL,LLLL
771,2018/9/18 19:14:10,0,31,30.2,LLLLLLLLLL,LLLLLLLLLL,LLLL
772,2018/9/18 19:14:15,0,31,30.3,LLLLLLLLLL,LLLLLLLLLL,LLLL
773,2018/9/18 19:14:20,0,31,30.3,LLLLLLLLLL,LLLLLLLLLL,LLLL
774,2018/9/18 19:14:25,0,31,30.3,LLLLLLLLLL,LLLLLLLLLL,LLLL
775,2018/9/18 19:14:30,0,31,30.3,LLLLLLLLLL,LLLLLLLLLL,LLLL
776,2018/9/18 19:14:35,0,31,30.3,LLLLLLLLLL,LLLLLLLLLL,LLLL
777,2018/9/18 19:14:40,0,31,30.3,LLLLLLLLLL,LLLLLLLLLL,LLLL
778,2018/9/18 19:14:45,0,31,30.3,LLLLLLLLLL,LLLLLLLLLL,LLLL
779,2018/9/18 19:14:50,0,31,30.3,LLLLLLLLLL,LLLLLLLLLL,LLLL
780,2018/9/18 19:14:55,0,31,30.3,LLLLLLLLLL,LLLLLLLLLL,LLLL
781,2018/9/18 19:15:00,0,31,30.3,LLLLLLLLLL,LLLLLLLLLL,LLLL
782,2018/9/18 19:15:05,0,31,30.3,LLLLLLLLLL,LLLLLLLLLL,LLLL
783,2018/9/18 19:15:10,0,31,30.3,LLLLLLLLLL,LLLLLLLLLL,LLLL
784,2018/9/18 19:15:15,0,31,30.3,LLLLLLLLLL,LLLLLLLLLL,LLLL
785,2018/9/18 19:15:20,0,31,30.3,LLLLLLLLLL,LLLLLLLLLL,LLLL
786,2018/9/18 19:15:25,0,31,30.3,LLLLLLLLLL,LLLLLLLLLL,LLLL
787,2018/9/18 19:15:30,0,31,30.3,LLLLLLLLLL,LLLLLLLLLL,LLLL
788,2018/9/18 19:15:35,0,31,30.3,LLLLLLLLLL,LLLLLLLLLL,LLLL
789,2018/9/18 19:15:40,0,31,30.3,LLLLLLLLLL,LLLLLLLLLL,LLLL
790,2018/9/18 19:15:45,0,31,30.3,LLLLLLLLLL,LLLLLLLLLL,LLLL
791,2018/9/18 19:15:50,0,31,30.2,LLLLLLLLLL,LLLLLLLLLL,LLLL
792,2018/9/18 19:15:55,0,31,30.3,LLLLLLLLLL,LLLLLLLLLL,LLLL
793,2018/9/18 19:16:00,0,31,30.3,LLLLLLLLLL,LLLLLLLLLL,LLLL
794,2018/9/18 19:16:05,0,31,30.3,LLLLLLLLLL,LLLLLLLLLL,LLLL
795,2018/9/18 19:16:10,0,31,30.3,LLLLLLLLLL,LLLLLLLLLL,LLLL
796,2018/9/18 19:16:15,0,31,30.3,LLLLLLLLLL,LLLLLLLLLL,LLLL
797,2018/9/18 19:16:20,0,31,30.3,LLLLLLLLLL,LLLLLLLLLL,LLLL
798,2018/9/18 19:16:25,0,31,30.3,LLLLLLLLLL,LLLLLLLLLL,LLLL
799,2018/9/18 19:16:30,0,31,30.3,LLLLLLLLLL,LLLLLLLLLL,LLLL
800,2018/9/18 19:16:35,0,31,30.3,LLLLLLLLLL,LLLLLLLLLL,LLLL
801,2018/9/18 19:16:40,0,31,30.3,LLLLLLLLLL,LLLLLLLLLL,LLLL
802,2018/9/18 19:16:45,0,31,30.3,LLLLLLLLLL,LLLLLLLLLL,LLLL
803,2018/9/18 19:16:50,0,30.9,30.2,LLLLLLLLLL,LLLLLLLLLL,LLLL
804,2018/9/18 19:16:55,0,31,30.2,LLLLLLLLLL,LLLLLLLLLL,LLLL
805,2018/9/18 19:17:00,0,31,30.2,LLLLLLLLLL,LLLLLLLLLL,LLLL
806,2018/9/18 19:17:05,0,31,30.2,LLLLLLLLLL,LLLLLLLLLL,LLLL
807,2018/9/18 19:17:10,0,31,30.2,LLLLLLLLLL,LLLLLLLLLL,LLLL
808,2018/9/18 19:17:15,0,31,30.2,LLLLLLLLLL,LLLLLLLLLL,LLLL
809,2018/9/18 19:17:20,0,31,30.2,LLLLLLLLLL,LLLLLLLLLL,LLLL
810,2018/9/18 19:17:25,0,30.9,30.2,LLLLLLLLLL,LLLLLLLLLL,LLLL
811,2018/9/18 19:17:30,0,31,30.2,LLLLLLLLLL,LLLLLLLLLL,LLLL
812,2018/9/18 19:17:35,0,31,30.2,LLLLLLLLLL,LLLLLLLLLL,LLLL
813,2018/9/18 19:17:40,0,31,30.2,LLLLLLLLLL,LLLLLLLLLL,LLLL
814,2018/9/18 19:17:45,0,30.9,30.2,LLLLLLLLLL,LLLLLLLLLL,LLLL
815,2018/9/18 19:17:50,0,30.9,30.2,LLLLLLLLLL,LLLLLLLLLL,LLLL
816,2018/9/18 19:17:55,0,31,30.2,LLLLLLLLLL,LLLLLLLLLL,LLLL
817,2018/9/18 19:18:00,0,31,30.2,LLLLLLLLLL,LLLLLLLLLL,LLLL
818,2018/9/18 19:18:05,0,30.9,30.2,LLLLLLLLLL,LLLLLLLLLL,LLLL
819,2018/9/18 19:18:10,0,31,30.2,LLLLLLLLLL,LLLLLLLLLL,LLLL
820,2018/9/18 19:18:15,0,30.9,30.2,LLLLLLLLLL,LLLLLLLLLL,LLLL
821,2018/9/18 19:18:20,0,30.9,30.2,LLLLLLLLLL,LLLLLLLLLL,LLLL
822,2018/9/18 19:18:25,0,30.9,30.2,LLLLLLLLLL,LLLLLLLLLL,LLLL
823,2018/9/18 19:18:30,0,30.9,30.2,LLLLLLLLLL,LLLLLLLLLL,LLLL
824,2018/9/18 19:18:35,0,31,30.2,LLLLLLLLLL,LLLLLLLLLL,LLLL
825,2018/9/18 19:18:40,0,31,30.1,LLLLLLLLLL,LLLLLLLLLL,LLLL
826,2018/9/18 19:18:45,0,30.9,30.2,LLLLLLLLLL,LLLLLLLLLL,LLLL
827,2018/9/18 19:18:50,0,31,30.2,LLLLLLLLLL,LLLLLLLLLL,LLLL
828,2018/9/18 19:18:55,0,31,30.2,LLLLLLLLLL,LLLLLLLLLL,LLLL
829,2018/9/18 19:19:00,0,30.9,30.1,LLLLLLLLLL,LLLLLLLLLL,LLLL
830,2018/9/18 19:19:05,0,30.9,30.2,LLLLLLLLLL,LLLLLLLLLL,LLLL
831,2018/9/18 19:19:10,0,30.9,30.2,LLLLLLLLLL,LLLLLLLLLL,LLLL
832,2018/9/18 19:19:15,0,30.9,30.2,LLLLLLLLLL,LLLLLLLLLL,LLLL
833,2018/9/18 19:19:20,0,30.9,30.1,LLLLLLLLLL,LLLLLLLLLL,LLLL
834,2018/9/18 19:19:25,0,31,30.1,LLLLLLLLLL,LLLLLLLLLL,LLLL
835,2018/9/18 19:19:30,0,31,30.1,LLLLLLLLLL,LLLLLLLLLL,LLLL
836,2018/9/18 19:19:35,0,30.9,30.1,LLLLLLLLLL,LLLLLLLLLL,LLLL
837,2018/9/18 19:19:40,0,31,30.1,LLLLLLLLLL,LLLLLLLLLL,LLLL
838,2018/9/18 19:19:45,0,30.9,30.2,LLLLLLLLLL,LLLLLLLLLL,LLLL
839,2018/9/18 19:19:50,0,31,30.2,LLLLLLLLLL,LLLLLLLLLL,LLLL
840,2018/9/18 19:19:55,0,31,30.1,LLLLLLLLLL,LLLLLLLLLL,LLLL
841,2018/9/18 19:20:00,0,30.9,30.2,LLLLLLLLLL,LLLLLLLLLL,LLLL
842,2018/9/18 19:20:05,0,30.8,30.1,LLLLLLLLLL,LLLLLLLLLL,LLLL
843,2018/9/18 19:20:10,0,30.9,30.2,LLLLLLLLLL,LLLLLLLLLL,LLLL
844,2018/9/18 19:20:15,0,31,30.1,LLLLLLLLLL,LLLLLLLLLL,LLLL
845,2018/9/18 19:20:20,0,30.9,30.2,LLLLLLLLLL,LLLLLLLLLL,LLLL
846,2018/9/18 19:20:25,0,30.9,30.1,LLLLLLLLLL,LLLLLLLLLL,LLLL
847,2018/9/18 19:20:30,0,30.9,30.1,LLLLLLLLLL,LLLLLLLLLL,LLLL
848,2018/9/18 19:20:35,0,30.9,30.1,LLLLLLLLLL,LLLLLLLLLL,LLLL
849,2018/9/18 19:20:40,0,30.9,30.1,LLLLLLLLLL,LLLLLLLLLL,LLLL
850,2018/9/18 19:20:45,0,30.9,30.2,LLLLLLLLLL,LLLLLLLLLL,LLLL
851,2018/9/18 19:20:50,0,30.9,30.1,LLLLLLLLLL,LLLLLLLLLL,LLLL
852,2018/9/18 19:20:55,0,30.9,30.1,LLLLLLLLLL,LLLLLLLLLL,LLLL
853,2018/9/18 19:21:00,0,30.9,30.1,LLLLLLLLLL,LLLLLLLLLL,LLLL
854,2018/9/18 19:21:05,0,30.9,30.1,LLLLLLLLLL,LLLLLLLLLL,LLLL
855,2018/9/18 19:21:10,0,30.9,30.1,LLLLLLLLLL,LLLLLLLLLL,LLLL
856,2018/9/18 19:21:15,0,30.9,30.1,LLLLLLLLLL,LLLLLLLLLL,LLLL
857,2018/9/18 19:21:20,0,30.9,30.1,LLLLLLLLLL,LLLLLLLLLL,LLLL
858,2018/9/18 19:21:25,0,30.9,30.1,LLLLLLLLLL,LLLLLLLLLL,LLLL
859,2018/9/18 19:21:30,0,31,30.2,LLLLLLLLLL,LLLLLLLLLL,LLLL
860,2018/9/18 19:21:35,0,30.9,30.1,LLLLLLLLLL,LLLLLLLLLL,LLLL
861,2018/9/18 19:21:40,0,30.9,30.1,LLLLLLLLLL,LLLLLLLLLL,LLLL
862,2018/9/18 19:21:45,0,30.9,30.1,LLLLLLLLLL,LLLLLLLLLL,LLLL
863,2018/9/18 19:21:50,0,30.9,30.1,LLLLLLLLLL,LLLLLLLLLL,LLLL
864,2018/9/18 19:21:55,0,30.9,30.1,LLLLLLLLLL,LLLLLLLLLL,LLLL
865,2018/9/18 19:22:00,0,30.9,30.1,LLLLLLLLLL,LLLLLLLLLL,LLLL
866,2018/9/18 19:22:05,0,30.9,30.1,LLLLLLLLLL,LLLLLLLLLL,LLLL
867,2018/9/18 19:22:10,0,30.9,30.1,LLLLLLLLLL,LLLLLLLLLL,LLLL
868,2018/9/18 19:22:15,0,30.9,30.1,LLLLLLLLLL,LLLLLLLLLL,LLLL
869,2018/9/18 19:22:20,0,30.9,30.1,LLLLLLLLLL,LLLLLLLLLL,LLLL
870,2018/9/18 19:22:25,0,30.9,30.2,LLLLLLLLLL,LLLLLLLLLL,LLLL
871,2018/9/18 19:22:30,0,30.9,30.1,LLLLLLLLLL,LLLLLLLLLL,LLLL
872,2018/9/18 19:22:35,0,30.9,30.1,LLLLLLLLLL,LLLLLLLLLL,LLLL
873,2018/9/18 19:22:40,0,30.9,30.1,LLLLLLLLLL,LLLLLLLLLL,LLLL
874,2018/9/18 19:22:45,0,30.9,30.1,LLLLLLLLLL,LLLLLLLLLL,LLLL
875,2018/9/18 19:22:50,0,31,30.1,LLLLLLLLLL,LLLLLLLLLL,LLLL
876,2018/9/18 19:22:55,0,30.9,30.1,LLLLLLLLLL,LLLLLLLLLL,LLLL
877,2018/9/18 19:23:00,0,30.9,30.2,LLLLLLLLLL,LLLLLLLLLL,LLLL
878,2018/9/18 19:23:05,0,30.9,30.1,LLLLLLLLLL,LLLLLLLLLL,LLLL
879,2018/9/18 19:23:10,0,30.9,30.1,LLLLLLLLLL,LLLLLLLLLL,LLLL
880,2018/9/18 19:23:15,0,30.9,30.2,LLLLLLLLLL,LLLLLLLLLL,LLLL
881,2018/9/18 19:23:20,0,31,30.2,LLLLLLLLLL,LLLLLLLLLL,LLLL
882,2018/9/18 19:23:25,0,31,30.2,LLLLLLLLLL,LLLLLLLLLL,LLLL
883,2018/9/18 19:23:30,0,31,30.2,LLLLLLLLLL,LLLLLLLLLL,LLLL
884,2018/9/18 19:23:35,0,31,30.2,LLLLLLLLLL,LLLLLLLLLL,LLLL
885,2018/9/18 19:23:40,0,31,30.2,LLLLLLLLLL,LLLLLLLLLL,LLLL
886,2018/9/18 19:23:45,0,31,30.2,LLLLLLLLLL,LLLLLLLLLL,LLLL
887,2018/9/18 19:23:50,0,31,30.2,LLLLLLLLLL,LLLLLLLLLL,LLLL
888,2018/9/18 19:23:55,0,31,30.2,LLLLLLLLLL,LLLLLLLLLL,LLLL
889,2018/9/18 19:24:00,0,31,30.2,LLLLLLLLLL,LLLLLLLLLL,LLLL
890,2018/9/18 19:24:05,0,31,30.2,LLLLLLLLLL,LLLLLLLLLL,LLLL
891,2018/9/18 19:24:10,0,31,30.2,LLLLLLLLLL,LLLLLLLLLL,LLLL
892,2018/9/18 19:24:15,0,30.8,30.1,LLLLLLLLLL,LLLLLLLLLL,LLLL
893,2018/9/18 19:24:20,0,30.8,30.1,LLLLLLLLLL,LLLLLLLLLL,LLLL
894,2018/9/18 19:24:25,0,30.8,30.1,LLLLLLLLLL,LLLLLLLLLL,LLLL
895,2018/9/18 19:24:30,0,30.8,30.1,LLLLLLLLLL,LLLLLLLLLL,LLLL
896,2018/9/18 19:24:35,0,30.9,30.1,LLLLLLLLLL,LLLLLLLLLL,LLLL
897,2018/9/18 19:24:40,0,30.9,30.1,LLLLLLLLLL,LLLLLLLLLL,LLLL
898,2018/9/18 19:24:45,0,30.9,30.1,LLLLLLLLLL,LLLLLLLLLL,LLLL
899,2018/9/18 19:24:50,0,30.9,30.1,LLLLLLLLLL,LLLLLLLLLL,LLLL
900,2018/9/18 19:24:55,0,30.8,30.1,LLLLLLLLLL,LLLLLLLLLL,LLLL
901,2018/9/18 19:25:00,0,30.9,30.1,LLLLLLLLLL,LLLLLLLLLL,LLLL
902,2018/9/18 19:25:05,0,30.9,30.1,LLLLLLLLLL,LLLLLLLLLL,LLLL
903,2018/9/18 19:25:10,0,31,30.2,LLLLLLLLLL,LLLLLLLLLL,LLLL
904,2018/9/18 19:25:15,0,31,30.2,LLLLLLLLLL,LLLLLLLLLL,LLLL
905,2018/9/18 19:25:20,0,31,30.2,LLLLLLLLLL,LLLLLLLLLL,LLLL
906,2018/9/18 19:25:25,0,31,30.2,LLLLLLLLLL,LLLLLLLLLL,LLLL
907,2018/9/18 19:25:30,0,31,30.2,LLLLLLLLLL,LLLLLLLLLL,LLLL
908,2018/9/18 19:25:35,0,31,30.2,LLLLLLLLLL,LLLLLLLLLL,LLLL
909,2018/9/18 19:25:40,0,31,30.1,LLLLLLLLLL,LLLLLLLLLL,LLLL
910,2018/9/18 19:25:45,0,31,30.2,LLLLLLLLLL,LLLLLLLLLL,LLLL
911,2018/9/18 19:25:50,0,31,30.2,LLLLLLLLLL,LLLLLLLLLL,LLLL
912,2018/9/18 19:25:55,0,31,30.1,LLLLLLLLLL,LLLLLLLLLL,LLLL
913,2018/9/18 19:26:00,0,31,30.2,LLLLLLLLLL,LLLLLLLLLL,LLLL
914,2018/9/18 19:26:05,0,30.9,30.1,LLLLLLLLLL,LLLLLLLLLL,LLLL
915,2018/9/18 19:26:10,0,30.9,30.1,LLLLLLLLLL,LLLLLLLLLL,LLLL
916,2018/9/18 19:26:15,0,30.9,30.1,LLLLLLLLLL,LLLLLLLLLL,LLLL
917,2018/9/18 19:26:20,0,30.9,30.1,LLLLLLLLLL,LLLLLLLLLL,LLLL
918,2018/9/18 19:26:25,0,30.9,30.1,LLLLLLLLLL,LLLLLLLLLL,LLLL
919,2018/9/18 19:26:30,0,30.9,30.1,LLLLLLLLLL,LLLLLLLLLL,LLLL
920,2018/9/18 19:26:35,0,30.8,30.1,LLLLLLLLLL,LLLLLLLLLL,LLLL
921,2018/9/18 19:26:40,0,30.8,30.1,LLLLLLLLLL,LLLLLLLLLL,LLLL
922,2018/9/18 19:26:45,0,30.8,30.1,LLLLLLLLLL,LLLLLLLLLL,LLLL
923,2018/9/18 19:26:50,0,30.8,30.1,LLLLLLLLLL,LLLLLLLLLL,LLLL
924,2018/9/18 19:26:55,0,30.8,30.1,LLLLLLLLLL,LLLLLLLLLL,LLLL
925,2018/9/18 19:27:00,0,30.8,30.1,LLLLLLLLLL,LLLLLLLLLL,LLLL
926,2018/9/18 19:27:05,0,30.9,30.2,LLLLLLLLLL,LLLLLLLLLL,LLLL
927,2018/9/18 19:27:10,0,30.8,30.2,LLLLLLLLLL,LLLLLLLLLL,LLLL
928,2018/9/18 19:27:15,0,30.9,30.1,LLLLLLLLLL,LLLLLLLLLL,LLLL
929,2018/9/18 19:27:20,0,30.8,30.1,LLLLLLLLLL,LLLLLLLLLL,LLLL
930,2018/9/18 19:27:25,0,30.9,30.1,LLLLLLLLLL,LLLLLLLLLL,LLLL
931,2018/9/18 19:27:30,0,30.8,30.1,LLLLLLLLLL,LLLLLLLLLL,LLLL
932,2018/9/18 19:27:35,0,30.8,30.1,LLLLLLLLLL,LLLLLLLLLL,LLLL
933,2018/9/18 19:27:40,0,30.8,30.1,LLLLLLLLLL,LLLLLLLLLL,LLLL
934,2018/9/18 19:27:45,0,30.8,30.1,LLLLLLLLLL,LLLLLLLLLL,LLLL
935,2018/9/18 19:27:50,0,30.8,30.1,LLLLLLLLLL,LLLLLLLLLL,LLLL
936,2018/9/18 19:27:55,0,30.8,30.1,LLLLLLLLLL,LLLLLLLLLL,LLLL
937,2018/9/18 19:28:00,0,30.8,30.1,LLLLLLLLLL,LLLLLLLLLL,LLLL
938,2018/9/18 19:28:05,0,30.8,30.1,LLLLLLLLLL,LLLLLLLLLL,LLLL
939,2018/9/18 19:28:10,0,30.8,30.1,LLLLLLLLLL,LLLLLLLLLL,LLLL
940,2018/9/18 19:28:15,0,30.8,30.1,LLLLLLLLLL,LLLLLLLLLL,LLLL
941,2018/9/18 19:28:20,0,30.8,30.1,LLLLLLLLLL,LLLLLLLLLL,LLLL
942,2018/9/18 19:28:25,0,30.8,30.1,LLLLLLLLLL,LLLLLLLLLL,LLLL
943,2018/9/18 19:28:30,0,30.8,30.1,LLLLLLLLLL,LLLLLLLLLL,LLLL
944,2018/9/18 19:28:35,0,30.8,30.1,LLLLLLLLLL,LLLLLLLLLL,LLLL
945,2018/9/18 19:28:40,0,30.8,30.1,LLLLLLLLLL,LLLLLLLLLL,LLLL
946,2018/9/18 19:28:45,0,30.8,30,LLLLLLLLLL,LLLLLLLLLL,LLLL
947,2018/9/18 19:28:50,0,30.9,30.1,LLLLLLLLLL,LLLLLLLLLL,LLLL
948,2018/9/18 19:28:55,0,30.8,30.1,LLLLLLLLLL,LLLLLLLLLL,LLLL
949,2018/9/18 19:29:00,0,30.8,30.1,LLLLLLLLLL,LLLLLLLLLL,LLLL
950,2018/9/18 19:29:05,0,30.8,30.1,LLLLLLLLLL,LLLLLLLLLL,LLLL
951,2018/9/18 19:29:10,0,30.8,30.1,LLLLLLLLLL,LLLLLLLLLL,LLLL
952,2018/9/18 19:29:15,0,30.8,30.1,LLLLLLLLLL,LLLLLLLLLL,LLLL
953,2018/9/18 19:29:20,0,30.8,30.1,LLLLLLLLLL,LLLLLLLLLL,LLLL
954,2018/9/18 19:29:25,0,30.8,30.1,LLLLLLLLLL,LLLLLLLLLL,LLLL
955,2018/9/18 19:29:30,0,30.8,30.1,LLLLLLLLLL,LLLLLLLLLL,LLLL
956,2018/9/18 19:29:35,0,30.8,30.1,LLLLLLLLLL,LLLLLLLLLL,LLLL
957,2018/9/18 19:29:40,0,30.8,30.1,LLLLLLLLLL,LLLLLLLLLL,LLLL
958,2018/9/18 19:29:45,0,30.8,30.1,LLLLLLLLLL,LLLLLLLLLL,LLLL
959,2018/9/18 19:29:50,0,30.8,30,LLLLLLLLLL,LLLLLLLLLL,LLLL
960,2018/9/18 19:29:55,0,30.8,30.1,LLLLLLLLLL,LLLLLLLLLL,LLLL
961,2018/9/18 19:30:00,0,30.7,30,LLLLLLLLLL,LLLLLLLLLL,LLLL
962,2018/9/18 19:30:05,0,30.8,30,LLLLLLLLLL,LLLLLLLLLL,LLLL
963,2018/9/18 19:30:10,0,30.7,30,LLLLLLLLLL,LLLLLLLLLL,LLLL
964,2018/9/18 19:30:15,0,30.7,30,LLLLLLLLLL,LLLLLLLLLL,LLLL
965,2018/9/18 19:30:20,0,30.7,30,LLLLLLLLLL,LLLLLLLLLL,LLLL
966,2018/9/18 19:30:25,0,30.7,30,LLLLLLLLLL,LLLLLLLLLL,LLLL
967,2018/9/18 19:30:30,0,30.7,30,LLLLLLLLLL,LLLLLLLLLL,LLLL
968,2018/9/18 19:30:35,0,30.7,30,LLLLLLLLLL,LLLLLLLLLL,LLLL
969,2018/9/18 19:30:40,0,30.7,30,LLLLLLLLLL,LLLLLLLLLL,LLLL
970,2018/9/18 19:30:45,0,30.7,30,LLLLLLLLLL,LLLLLLLLLL,LLLL
971,2018/9/18 19:30:50,0,30.7,30,LLLLLLLLLL,LLLLLLLLLL,LLLL
972,2018/9/18 19:30:55,0,30.8,30,LLLLLLLLLL,LLLLLLLLLL,LLLL
973,2018/9/18 19:31:00,0,30.7,30,LLLLLLLLLL,LLLLLLLLLL,LLLL
974,2018/9/18 19:31:05,0,30.7,30,LLLLLLLLLL,LLLLLLLLLL,LLLL
975,2018/9/18 19:31:10,0,30.7,30,LLLLLLLLLL,LLLLLLLLLL,LLLL
976,2018/9/18 19:31:15,0,30.7,30,LLLLLLLLLL,LLLLLLLLLL,LLLL
977,2018/9/18 19:31:20,0,30.7,30,LLLLLLLLLL,LLLLLLLLLL,LLLL
978,2018/9/18 19:31:25,0,30.7,30,LLLLLLLLLL,LLLLLLLLLL,LLLL
979,2018/9/18 19:31:30,0,30.7,29.9,LLLLLLLLLL,LLLLLLLLLL,LLLL
980,2018/9/18 19:31:35,0,30.7,30,LLLLLLLLLL,LLLLLLLLLL,LLLL
981,2018/9/18 19:31:40,0,30.7,30,LLLLLLLLLL,LLLLLLLLLL,LLLL
982,2018/9/18 19:31:45,0,30.7,30,LLLLLLLLLL,LLLLLLLLLL,LLLL
983,2018/9/18 19:31:50,0,30.7,30,LLLLLLLLLL,LLLLLLLLLL,LLLL
984,2018/9/18 19:31:55,0,30.8,30,LLLLLLLLLL,LLLLLLLLLL,LLLL
985,2018/9/18 19:32:00,0,30.8,30,LLLLLLLLLL,LLLLLLLLLL,LLLL
986,2018/9/18 19:32:05,0,30.7,30,LLLLLLLLLL,LLLLLLLLLL,LLLL
987,2018/9/18 19:32:10,0,30.7,29.9,LLLLLLLLLL,LLLLLLLLLL,LLLL
988,2018/9/18 19:32:15,0,30.8,30,LLLLLLLLLL,LLLLLLLLLL,LLLL
989,2018/9/18 19:32:20,0,30.7,29.9,LLLLLLLLLL,LLLLLLLLLL,LLLL
990,2018/9/18 19:32:25,0,30.8,30,LLLLLLLLLL,LLLLLLLLLL,LLLL
991,2018/9/18 19:32:30,0,30.7,30,LLLLLLLLLL,LLLLLLLLLL,LLLL
992,2018/9/18 19:32:35,0,30.7,29.9,LLLLLLLLLL,LLLLLLLLLL,LLLL
993,2018/9/18 19:32:40,0,30.7,29.9,LLLLLLLLLL,LLLLLLLLLL,LLLL
994,2018/9/18 19:32:45,0,30.7,29.9,LLLLLLLLLL,LLLLLLLLLL,LLLL
995,2018/9/18 19:32:50,0,30.8,29.9,LLLLLLLLLL,LLLLLLLLLL,LLLL
996,2018/9/18 19:32:55,0,30.7,29.9,LLLLLLLLLL,LLLLLLLLLL,LLLL
997,2018/9/18 19:33:00,0,30.7,29.9,LLLLLLLLLL,LLLLLLLLLL,LLLL
998,2018/9/18 19:33:05,0,30.7,29.9,LLLLLLLLLL,LLLLLLLLLL,LLLL
999,2018/9/18 19:33:10,0,30.6,29.9,LLLLLLLLLL,LLLLLLLLLL,LLLL
1000,2018/9/18 19:33:15,0,30.7,29.9,LLLLLLLLLL,LLLLLLLLLL,LLLL
1001,2018/9/18 19:33:20,0,30.7,29.9,LLLLLLLLLL,LLLLLLLLLL,LLLL
1002,2018/9/18 19:33:25,0,30.6,30,LLLLLLLLLL,LLLLLLLLLL,LLLL
1003,2018/9/18 19:33:30,0,30.7,30,LLLLLLLLLL,LLLLLLLLLL,LLLL
1004,2018/9/18 19:33:35,0,30.6,30,LLLLLLLLLL,LLLLLLLLLL,LLLL
1005,2018/9/18 19:33:40,0,30.7,30,LLLLLLLLLL,LLLLLLLLLL,LLLL
1006,2018/9/18 19:33:45,0,30.7,30,LLLLLLLLLL,LLLLLLLLLL,LLLL
1007,2018/9/18 19:33:50,0,30.6,30,LLLLLLLLLL,LLLLLLLLLL,LLLL
1008,2018/9/18 19:33:55,0,30.7,30,LLLLLLLLLL,LLLLLLLLLL,LLLL
1009,2018/9/18 19:34:00,0,30.6,30,LLLLLLLLLL,LLLLLLLLLL,LLLL
1010,2018/9/18 19:34:05,0,30.6,30,LLLLLLLLLL,LLLLLLLLLL,LLLL
1011,2018/9/18 19:34:10,0,30.6,30,LLLLLLLLLL,LLLLLLLLLL,LLLL
1012,2018/9/18 19:34:15,0,30.7,30,LLLLLLLLLL,LLLLLLLLLL,LLLL
1013,2018/9/18 19:34:20,0,30.6,30,LLLLLLLLLL,LLLLLLLLLL,LLLL
1014,2018/9/18 19:34:25,0,30.7,30,LLLLLLLLLL,LLLLLLLLLL,LLLL
1015,2018/9/18 19:34:30,0,30.7,30,LLLLLLLLLL,LLLLLLLLLL,LLLL
1016,2018/9/18 19:34:35,0,30.6,30,LLLLLLLLLL,LLLLLLLLLL,LLLL
1017,2018/9/18 19:34:40,0,30.7,30,LLLLLLLLLL,LLLLLLLLLL,LLLL
1018,2018/9/18 19:34:45,0,30.7,29.9,LLLLLLLLLL,LLLLLLLLLL,LLLL
1019,2018/9/18 19:34:50,0,30.7,30,LLLLLLLLLL,LLLLLLLLLL,LLLL
1020,2018/9/18 19:34:55,0,30.7,30,LLLLLLLLLL,LLLLLLLLLL,LLLL
1021,2018/9/18 19:35:00,0,30.7,30,LLLLLLLLLL,LLLLLLLLLL,LLLL
1022,2018/9/18 19:35:05,0,30.7,30,LLLLLLLLLL,LLLLLLLLLL,LLLL
1023,2018/9/18 19:35:10,0,30.7,30,LLLLLLLLLL,LLLLLLLLLL,LLLL
1024,2018/9/18 19:35:15,0,30.8,30,LLLLLLLLLL,LLLLLLLLLL,LLLL
1025,2018/9/18 19:35:20,0,30.8,30,LLLLLLLLLL,LLLLLLLLLL,LLLL
1026,2018/9/18 19:35:25,0,30.7,30,LLLLLLLLLL,LLLLLLLLLL,LLLL
1027,2018/9/18 19:35:30,0,30.7,30,LLLLLLLLLL,LLLLLLLLLL,LLLL
1028,2018/9/18 19:35:35,0,30.7,30,LLLLLLLLLL,LLLLLLLLLL,LLLL
1029,2018/9/18 19:35:40,0,30.7,30,LLLLLLLLLL,LLLLLLLLLL,LLLL
1030,2018/9/18 19:35:45,0,30.7,30,LLLLLLLLLL,LLLLLLLLLL,LLLL
1031,2018/9/18 19:35:50,0,30.7,30,LLLLLLLLLL,LLLLLLLLLL,LLLL
1032,2018/9/18 19:35:55,0,30.6,30,LLLLLLLLLL,LLLLLLLLLL,LLLL
1033,2018/9/18 19:36:00,0,30.6,30,LLLLLLLLLL,LLLLLLLLLL,LLLL
1034,2018/9/18 19:36:05,0,30.7,30,LLLLLLLLLL,LLLLLLLLLL,LLLL
1035,2018/9/18 19:36:10,0,30.6,30,LLLLLLLLLL,LLLLLLLLLL,LLLL
1036,2018/9/18 19:36:15,0,30.8,30,LLLLLLLLLL,LLLLLLLLLL,LLLL
1037,2018/9/18 19:36:20,0,30.7,30,LLLLLLLLLL,LLLLLLLLLL,LLLL
1038,2018/9/18 19:36:25,0,30.7,30,LLLLLLLLLL,LLLLLLLLLL,LLLL
1039,2018/9/18 19:36:30,0,30.6,30,LLLLLLLLLL,LLLLLLLLLL,LLLL
1040,2018/9/18 19:36:35,0,30.7,30,LLLLLLLLLL,LLLLLLLLLL,LLLL
1041,2018/9/18 19:36:40,0,30.6,30,LLLLLLLLLL,LLLLLLLLLL,LLLL
1042,2018/9/18 19:36:45,0,30.7,30,LLLLLLLLLL,LLLLLLLLLL,LLLL
1043,2018/9/18 19:36:50,0,30.7,30,LLLLLLLLLL,LLLLLLLLLL,LLLL
1044,2018/9/18 19:36:55,0,30.7,30,LLLLLLLLLL,LLLLLLLLLL,LLLL
1045,2018/9/18 19:37:00,0,30.6,30,LLLLLLLLLL,LLLLLLLLLL,LLLL
1046,2018/9/18 19:37:05,0,30.7,30,LLLLLLLLLL,LLLLLLLLLL,LLLL
1047,2018/9/18 19:37:10,0,30.6,30,LLLLLLLLLL,LLLLLLLLLL,LLLL
1048,2018/9/18 19:37:15,0,30.6,30,LLLLLLLLLL,LLLLLLLLLL,LLLL
1049,2018/9/18 19:37:20,0,30.6,30,LLLLLLLLLL,LLLLLLLLLL,LLLL
1050,2018/9/18 19:37:25,0,30.6,30,LLLLLLLLLL,LLLLLLLLLL,LLLL
1051,2018/9/18 19:37:30,0,30.6,30,LLLLLLLLLL,LLLLLLLLLL,LLLL
1052,2018/9/18 19:37:35,0,30.7,30,LLLLLLLLLL,LLLLLLLLLL,LLLL
1053,2018/9/18 19:37:40,0,30.7,30,LLLLLLLLLL,LLLLLLLLLL,LLLL
1054,2018/9/18 19:37:45,0,30.6,30,LLLLLLLLLL,LLLLLLLLLL,LLLL
1055,2018/9/18 19:37:50,0,30.6,30,LLLLLLLLLL,LLLLLLLLLL,LLLL
1056,2018/9/18 19:37:55,0,30.6,30,LLLLLLLLLL,LLLLLLLLLL,LLLL
1057,2018/9/18 19:38:00,0,30.7,30,LLLLLLLLLL,LLLLLLLLLL,LLLL
1058,2018/9/18 19:38:05,0,30.8,30,LLLLLLLLLL,LLLLLLLLLL,LLLL
1059,2018/9/18 19:38:10,0,30.7,30,LLLLLLLLLL,LLLLLLLLLL,LLLL
1060,2018/9/18 19:38:15,0,30.8,30,LLLLLLLLLL,LLLLLLLLLL,LLLL
1061,2018/9/18 19:38:20,0,30.7,30,LLLLLLLLLL,LLLLLLLLLL,LLLL
1062,2018/9/18 19:38:25,0,30.8,29.9,LLLLLLLLLL,LLLLLLLLLL,LLLL
1063,2018/9/18 19:38:30,0,30.7,30,LLLLLLLLLL,LLLLLLLLLL,LLLL
1064,2018/9/18 19:38:35,0,30.7,30,LLLLLLLLLL,LLLLLLLLLL,LLLL
1065,2018/9/18 19:38:40,0,30.7,30,LLLLLLLLLL,LLLLLLLLLL,LLLL
1066,2018/9/18 19:38:45,0,30.8,30,LLLLLLLLLL,LLLLLLLLLL,LLLL
1067,2018/9/18 19:38:50,0,30.7,30,LLLLLLLLLL,LLLLLLLLLL,LLLL
1068,2018/9/18 19:38:55,0,30.7,30,LLLLLLLLLL,LLLLLLLLLL,LLLL
1069,2018/9/18 19:39:00,0,30.8,30,LLLLLLLLLL,LLLLLLLLLL,LLLL
1070,2018/9/18 19:39:05,0,30.7,30,LLLLLLLLLL,LLLLLLLLLL,LLLL
1071,2018/9/18 19:39:10,0,30.7,30,LLLLLLLLLL,LLLLLLLLLL,LLLL
1072,2018/9/18 19:39:15,0,30.7,30,LLLLLLLLLL,LLLLLLLLLL,LLLL
1073,2018/9/18 19:39:20,0,30.7,30,LLLLLLLLLL,LLLLLLLLLL,LLLL
1074,2018/9/18 19:39:25,0,30.7,30,LLLLLLLLLL,LLLLLLLLLL,LLLL
1075,2018/9/18 19:39:30,0,30.7,30,LLLLLLLLLL,LLLLLLLLLL,LLLL
1076,2018/9/18 19:39:35,0,30.7,29.9,LLLLLLLLLL,LLLLLLLLLL,LLLL
1077,2018/9/18 19:39:40,0,30.7,30,LLLLLLLLLL,LLLLLLLLLL,LLLL
1078,2018/9/18 19:39:45,0,30.7,30,LLLLLLLLLL,LLLLLLLLLL,LLLL
1079,2018/9/18 19:39:50,0,30.6,29.9,LLLLLLLLLL,LLLLLLLLLL,LLLL
1080,2018/9/18 19:39:55,0,30.6,29.9,LLLLLLLLLL,LLLLLLLLLL,LLLL
1081,2018/9/18 19:40:00,0,30.6,29.9,LLLLLLLLLL,LLLLLLLLLL,LLLL
1082,2018/9/18 19:40:05,0,30.6,29.9,LLLLLLLLLL,LLLLLLLLLL,LLLL
1083,2018/9/18 19:40:10,0,30.6,29.9,LLLLLLLLLL,LLLLLLLLLL,LLLL
1084,2018/9/18 19:40:15,0,30.6,29.9,LLLLLLLLLL,LLLLLLLLLL,LLLL
1085,2018/9/18 19:40:20,0,30.6,29.9,LLLLLLLLLL,LLLLLLLLLL,LLLL
1086,2018/9/18 19:40:25,0,30.6,29.9,LLLLLLLLLL,LLLLLLLLLL,LLLL
1087,2018/9/18 19:40:30,0,30.6,29.9,LLLLLLLLLL,LLLLLLLLLL,LLLL
1088,2018/9/18 19:40:35,0,30.6,29.9,LLLLLLLLLL,LLLLLLLLLL,LLLL
1089,2018/9/18 19:40:40,0,30.6,29.9,LLLLLLLLLL,LLLLLLLLLL,LLLL
1090,2018/9/18 19:40:45,0,30.7,29.9,LLLLLLLLLL,LLLLLLLLLL,LLLL
1091,2018/9/18 19:40:50,0,30.7,29.9,LLLLLLLLLL,LLLLLLLLLL,LLLL
1092,2018/9/18 19:40:55,0,30.7,29.9,LLLLLLLLLL,LLLLLLLLLL,LLLL
1093,2018/9/18 19:41:00,0,30.7,29.9,LLLLLLLLLL,LLLLLLLLLL,LLLL
1094,2018/9/18 19:41:05,0,30.7,29.9,LLLLLLLLLL,LLLLLLLLLL,LLLL
1095,2018/9/18 19:41:10,0,30.7,29.9,LLLLLLLLLL,LLLLLLLLLL,LLLL
1096,2018/9/18 19:41:15,0,30.7,29.9,LLLLLLLLLL,LLLLLLLLLL,LLLL
1097,2018/9/18 19:41:20,0,30.7,29.9,LLLLLLLLLL,LLLLLLLLLL,LLLL
1098,2018/9/18 19:41:25,0,30.7,29.9,LLLLLLLLLL,LLLLLLLLLL,LLLL
1099,2018/9/18 19:41:30,0,30.7,29.9,LLLLLLLLLL,LLLLLLLLLL,LLLL
1100,2018/9/18 19:41:35,0,30.7,29.9,LLLLLLLLLL,LLLLLLLLLL,LLLL
1101,2018/9/18 19:41:40,0,30.6,29.9,LLLLLLLLLL,LLLLLLLLLL,LLLL
1102,2018/9/18 19:41:45,0,30.6,29.8,LLLLLLLLLL,LLLLLLLLLL,LLLL
1103,2018/9/18 19:41:50,0,30.6,29.9,LLLLLLLLLL,LLLLLLLLLL,LLLL
1104,2018/9/18 19:41:55,0,30.6,29.9,LLLLLLLLLL,LLLLLLLLLL,LLLL
1105,2018/9/18 19:42:00,0,30.6,29.9,LLLLLLLLLL,LLLLLLLLLL,LLLL
1106,2018/9/18 19:42:05,0,30.6,29.9,LLLLLLLLLL,LLLLLLLLLL,LLLL
1107,2018/9/18 19:42:10,0,30.6,29.9,LLLLLLLLLL,LLLLLLLLLL,LLLL
1108,2018/9/18 19:42:15,0,30.6,29.8,LLLLLLLLLL,LLLLLLLLLL,LLLL
1109,2018/9/18 19:42:20,0,30.6,29.8,LLLLLLLLLL,LLLLLLLLLL,LLLL
1110,2018/9/18 19:42:25,0,30.6,29.9,LLLLLLLLLL,LLLLLLLLLL,LLLL
1111,2018/9/18 19:42:30,0,30.6,29.9,LLLLLLLLLL,LLLLLLLLLL,LLLL
1112,2018/9/18 19:42:35,0,30.6,29.9,LLLLLLLLLL,LLLLLLLLLL,LLLL
1113,2018/9/18 19:42:40,0,30.6,29.9,LLLLLLLLLL,LLLLLLLLLL,LLLL
1114,2018/9/18 19:42:45,0,30.6,29.8,LLLLLLLLLL,LLLLLLLLLL,LLLL
1115,2018/9/18 19:42:50,0,30.6,29.8,LLLLLLLLLL,LLLLLLLLLL,LLLL
1116,2018/9/18 19:42:55,0,30.6,30,LLLLLLLLLL,LLLLLLLLLL,LLLL
1117,2018/9/18 19:43:00,0,30.6,29.9,LLLLLLLLLL,LLLLLLLLLL,LLLL
1118,2018/9/18 19:43:05,0,30.5,29.9,LLLLLLLLLL,LLLLLLLLLL,LLLL
1119,2018/9/18 19:43:10,0,30.6,30,LLLLLLLLLL,LLLLLLLLLL,LLLL
1120,2018/9/18 19:43:15,0,30.6,30,LLLLLLLLLL,LLLLLLLLLL,LLLL
1121,2018/9/18 19:43:20,0,30.6,30,LLLLLLLLLL,LLLLLLLLLL,LLLL
1122,2018/9/18 19:43:25,0,30.6,30,LLLLLLLLLL,LLLLLLLLLL,LLLL
1123,2018/9/18 19:43:30,0,30.6,30,LLLLLLLLLL,LLLLLLLLLL,LLLL
1124,2018/9/18 19:43:35,0,30.6,30,LLLLLLLLLL,LLLLLLLLLL,LLLL
1125,2018/9/18 19:43:40,0,30.7,30,LLLLLLLLLL,LLLLLLLLLL,LLLL
1126,2018/9/18 19:43:45,0,30.7,30,LLLLLLLLLL,LLLLLLLLLL,LLLL
1127,2018/9/18 19:43:50,0,30.7,30,LLLLLLLLLL,LLLLLLLLLL,LLLL
1128,2018/9/18 19:43:55,0,30.6,30,LLLLLLLLLL,LLLLLLLLLL,LLLL
1129,2018/9/18 19:44:00,0,30.7,30,LLLLLLLLLL,LLLLLLLLLL,LLLL
1130,2018/9/18 19:44:05,0,30.6,30,LLLLLLLLLL,LLLLLLLLLL,LLLL
1131,2018/9/18 19:44:10,0,30.6,30,LLLLLLLLLL,LLLLLLLLLL,LLLL
1132,2018/9/18 19:44:15,0,30.6,30,LLLLLLLLLL,LLLLLLLLLL,LLLL
1133,2018/9/18 19:44:20,0,30.7,30,LLLLLLLLLL,LLLLLLLLLL,LLLL
1134,2018/9/18 19:44:25,0,30.6,29.9,LLLLLLLLLL,LLLLLLLLLL,LLLL
1135,2018/9/18 19:44:30,0,30.6,30,LLLLLLLLLL,LLLLLLLLLL,LLLL
1136,2018/9/18 19:44:35,0,30.6,30,LLLLLLLLLL,LLLLLLLLLL,LLLL
1137,2018/9/18 19:44:40,0,30.6,30,LLLLLLLLLL,LLLLLLLLLL,LLLL
1138,2018/9/18 19:44:45,0,30.6,30,LLLLLLLLLL,LLLLLLLLLL,LLLL
1139,2018/9/18 19:44:50,0,30.6,30,LLLLLLLLLL,LLLLLLLLLL,LLLL
1140,2018/9/18 19:44:55,0,30.6,29.9,LLLLLLLLLL,LLLLLLLLLL,LLLL
1141,2018/9/18 19:45:00,0,30.6,30,LLLLLLLLLL,LLLLLLLLLL,LLLL
1142,2018/9/18 19:45:05,0,30.6,30,LLLLLLLLLL,LLLLLLLLLL,LLLL
1143,2018/9/18 19:45:10,0,30.6,30,LLLLLLLLLL,LLLLLLLLLL,LLLL
1144,2018/9/18 19:45:15,0,30.6,30,LLLLLLLLLL,LLLLLLLLLL,LLLL
1145,2018/9/18 19:45:20,0,30.6,30,LLLLLLLLLL,LLLLLLLLLL,LLLL
1146,2018/9/18 19:45:25,0,30.6,30,LLLLLLLLLL,LLLLLLLLLL,LLLL
1147,2018/9/18 19:45:30,0,30.6,30,LLLLLLLLLL,LLLLLLLLLL,LLLL
1148,2018/9/18 19:45:35,0,30.6,30,LLLLLLLLLL,LLLLLLLLLL,LLLL
1149,2018/9/18 19:45:40,0,30.6,30,LLLLLLLLLL,LLLLLLLLLL,LLLL
1150,2018/9/18 19:45:45,0,30.6,30,LLLLLLLLLL,LLLLLLLLLL,LLLL
1151,2018/9/18 19:45:50,0,30.6,30,LLLLLLLLLL,LLLLLLLLLL,LLLL
1152,2018/9/18 19:45:55,0,30.6,30,LLLLLLLLLL,LLLLLLLLLL,LLLL
1153,2018/9/18 19:46:00,0,30.5,30,LLLLLLLLLL,LLLLLLLLLL,LLLL
1154,2018/9/18 19:46:05,0,30.6,30,LLLLLLLLLL,LLLLLLLLLL,LLLL
1155,2018/9/18 19:46:10,0,30.6,30,LLLLLLLLLL,LLLLLLLLLL,LLLL
1156,2018/9/18 19:46:15,0,30.6,30,LLLLLLLLLL,LLLLLLLLLL,LLLL
1157,2018/9/18 19:46:20,0,30.6,29.9,LLLLLLLLLL,LLLLLLLLLL,LLLL
1158,2018/9/18 19:46:25,0,30.6,29.9,LLLLLLLLLL,LLLLLLLLLL,LLLL
1159,2018/9/18 19:46:30,0,30.6,29.9,LLLLLLLLLL,LLLLLLLLLL,LLLL
1160,2018/9/18 19:46:35,0,30.6,29.9,LLLLLLLLLL,LLLLLLLLLL,LLLL
1161,2018/9/18 19:46:40,0,30.6,29.9,LLLLLLLLLL,LLLLLLLLLL,LLLL
1162,2018/9/18 19:46:45,0,30.6,29.9,LLLLLLLLLL,LLLLLLLLLL,LLLL
1163,2018/9/18 19:46:50,0,30.6,29.9,LLLLLLLLLL,LLLLLLLLLL,LLLL
1164,2018/9/18 19:46:55,0,30.5,29.9,LLLLLLLLLL,LLLLLLLLLL,LLLL
1165,2018/9/18 19:47:00,0,30.5,29.9,LLLLLLLLLL,LLLLLLLLLL,LLLL
1166,2018/9/18 19:47:05,0,30.6,29.9,LLLLLLLLLL,LLLLLLLLLL,LLLL
1167,2018/9/18 19:47:10,0,30.6,29.9,LLLLLLLLLL,LLLLLLLLLL,LLLL
1168,2018/9/18 19:47:15,0,30.6,29.9,LLLLLLLLLL,LLLLLLLLLL,LLLL
1169,2018/9/18 19:47:20,0,30.5,29.9,LLLLLLLLLL,LLLLLLLLLL,LLLL
1170,2018/9/18 19:47:25,0,30.6,29.9,LLLLLLLLLL,LLLLLLLLLL,LLLL
1171,2018/9/18 19:47:30,0,30.6,29.9,LLLLLLLLLL,LLLLLLLLLL,LLLL
1172,2018/9/18 19:47:35,0,30.6,29.8,LLLLLLLLLL,LLLLLLLLLL,LLLL
1173,2018/9/18 19:47:40,0,30.6,29.9,LLLLLLLLLL,LLLLLLLLLL,LLLL
1174,2018/9/18 19:47:45,0,30.6,29.9,LLLLLLLLLL,LLLLLLLLLL,LLLL
1175,2018/9/18 19:47:50,0,30.6,29.9,LLLLLLLLLL,LLLLLLLLLL,LLLL
1176,2018/9/18 19:47:55,0,30.5,29.9,LLLLLLLLLL,LLLLLLLLLL,LLLL
1177,2018/9/18 19:48:00,0,30.6,29.9,LLLLLLLLLL,LLLLLLLLLL,LLLL
1178,2018/9/18 19:48:05,0,30.6,29.9,LLLLLLLLLL,LLLLLLLLLL,LLLL
1179,2018/9/18 19:48:10,0,30.6,29.9,LLLLLLLLLL,LLLLLLLLLL,LLLL
1180,2018/9/18 19:48:15,0,30.6,29.9,LLLLLLLLLL,LLLLLLLLLL,LLLL
1181,2018/9/18 19:48:20,0,30.6,29.9,LLLLLLLLLL,LLLLLLLLLL,LLLL
1182,2018/9/18 19:48:25,0,30.6,29.9,LLLLLLLLLL,LLLLLLLLLL,LLLL
1183,2018/9/18 19:48:30,0,30.6,29.9,LLLLLLLLLL,LLLLLLLLLL,LLLL
1184,2018/9/18 19:48:35,0,30.6,29.9,LLLLLLLLLL,LLLLLLLLLL,LLLL
1185,2018/9/18 19:48:40,0,30.6,29.9,LLLLLLLLLL,LLLLLLLLLL,LLLL
1186,2018/9/18 19:48:45,0,30.6,29.9,LLLLLLLLLL,LLLLLLLLLL,LLLL
1187,2018/9/18 19:48:50,0,30.6,29.9,LLLLLLLLLL,LLLLLLLLLL,LLLL
1188,2018/9/18 19:48:55,0,30.6,29.9,LLLLLLLLLL,LLLLLLLLLL,LLLL
1189,2018/9/18 19:49:00,0,30.6,29.9,LLLLLLLLLL,LLLLLLLLLL,LLLL
1190,2018/9/18 19:49:05,0,30.6,29.9,LLLLLLLLLL,LLLLLLLLLL,LLLL
1191,2018/9/18 19:49:10,0,30.6,29.8,LLLLLLLLLL,LLLLLLLLLL,LLLL
1192,2018/9/18 19:49:15,0,30.5,29.8,LLLLLLLLLL,LLLLLLLLLL,LLLL
1193,2018/9/18 19:49:20,0,30.6,29.8,LLLLLLLLLL,LLLLLLLLLL,LLLL
1194,2018/9/18 19:49:25,0,30.6,29.9,LLLLLLLLLL,LLLLLLLLLL,LLLL
1195,2018/9/18 19:49:30,0,30.5,29.8,LLLLLLLLLL,LLLLLLLLLL,LLLL
1196,2018/9/18 19:49:35,0,30.5,29.8,LLLLLLLLLL,LLLLLLLLLL,LLLL
1197,2018/9/18 19:49:40,0,30.5,29.9,LLLLLLLLLL,LLLLLLLLLL,LLLL
1198,2018/9/18 19:49:45,0,30.5,29.8,LLLLLLLLLL,LLLLLLLLLL,LLLL
1199,2018/9/18 19:49:50,0,30.5,29.8,LLLLLLLLLL,LLLLLLLLLL,LLLL
1200,2018/9/18 19:49:55,0,30.5,29.8,LLLLLLLLLL,LLLLLLLLLL,LLLL
1201,2018/9/18 19:50:00,0,30.5,29.8,LLLLLLLLLL,LLLLLLLLLL,LLLL
1202,2018/9/18 19:50:05,0,30.5,29.8,LLLLLLLLLL,LLLLLLLLLL,LLLL
1203,2018/9/18 19:50:10,0,30.5,29.8,LLLLLLLLLL,LLLLLLLLLL,LLLL
1204,2018/9/18 19:50:15,0,30.5,29.8,LLLLLLLLLL,LLLLLLLLLL,LLLL
1205,2018/9/18 19:50:20,0,30.5,29.8,LLLLLLLLLL,LLLLLLLLLL,LLLL
1206,2018/9/18 19:50:25,0,30.4,29.8,LLLLLLLLLL,LLLLLLLLLL,LLLL
1207,2018/9/18 19:50:30,0,30.5,29.8,LLLLLLLLLL,LLLLLLLLLL,LLLL
1208,2018/9/18 19:50:35,0,30.4,29.8,LLLLLLLLLL,LLLLLLLLLL,LLLL
1209,2018/9/18 19:50:40,0,30.4,29.8,LLLLLLLLLL,LLLLLLLLLL,LLLL
1210,2018/9/18 19:50:45,0,30.4,29.7,LLLLLLLLLL,LLLLLLLLLL,LLLL
1211,2018/9/18 19:50:50,0,30.4,29.8,LLLLLLLLLL,LLLLLLLLLL,LLLL
1212,2018/9/18 19:50:55,0,30.4,29.8,LLLLLLLLLL,LLLLLLLLLL,LLLL
1213,2018/9/18 19:51:00,0,30.4,29.8,LLLLLLLLLL,LLLLLLLLLL,LLLL
1214,2018/9/18 19:51:05,0,30.4,29.8,LLLLLLLLLL,LLLLLLLLLL,LLLL
1215,2018/9/18 19:51:10,0,30.4,29.7,LLLLLLLLLL,LLLLLLLLLL,LLLL
1216,2018/9/18 19:51:15,0,30.4,29.7,LLLLLLLLLL,LLLLLLLLLL,LLLL
1217,2018/9/18 19:51:20,0,30.4,29.7,LLLLLLLLLL,LLLLLLLLLL,LLLL
1218,2018/9/18 19:51:25,0,30.4,29.8,LLLLLLLLLL,LLLLLLLLLL,LLLL
1219,2018/9/18 19:51:30,0,30.4,29.7,LLLLLLLLLL,LLLLLLLLLL,LLLL
1220,2018/9/18 19:51:35,0,30.4,29.7,LLLLLLLLLL,LLLLLLLLLL,LLLL
1221,2018/9/18 19:51:40,0,30.3,29.7,LLLLLLLLLL,LLLLLLLLLL,LLLL
1222,2018/9/18 19:51:45,0,30.5,29.7,LLLLLLLLLL,LLLLLLLLLL,LLLL
1223,2018/9/18 19:51:50,0,30.5,29.7,LLLLLLLLLL,LLLLLLLLLL,LLLL
1224,2018/9/18 19:51:55,0,30.5,29.7,LLLLLLLLLL,LLLLLLLLLL,LLLL
1225,2018/9/18 19:52:00,0,30.5,29.6,LLLLLLLLLL,LLLLLLLLLL,LLLL
1226,2018/9/18 19:52:05,0,30.5,29.6,LLLLLLLLLL,LLLLLLLLLL,LLLL
1227,2018/9/18 19:52:10,0,30.4,29.6,LLLLLLLLLL,LLLLLLLLLL,LLLL
1228,2018/9/18 19:52:15,0,30.4,29.6,LLLLLLLLLL,LLLLLLLLLL,LLLL
1229,2018/9/18 19:52:20,0,30.4,29.6,LLLLLLLLLL,LLLLLLLLLL,LLLL
1230,2018/9/18 19:52:25,0,30.3,29.6,LLLLLLLLLL,LLLLLLLLLL,LLLL
1231,2018/9/18 19:52:30,0,30.4,29.6,LLLLLLLLLL,LLLLLLLLLL,LLLL
1232,2018/9/18 19:52:35,0,30.4,29.6,LLLLLLLLLL,LLLLLLLLLL,LLLL
1233,2018/9/18 19:52:40,0,30.3,29.6,LLLLLLLLLL,LLLLLLLLLL,LLLL
1234,2018/9/18 19:52:45,0,30.4,29.6,LLLLLLLLLL,LLLLLLLLLL,LLLL
1235,2018/9/18 19:52:50,0,30.4,29.6,LLLLLLLLLL,LLLLLLLLLL,LLLL
1236,2018/9/18 19:52:55,0,30.4,29.6,LLLLLLLLLL,LLLLLLLLLL,LLLL
1237,2018/9/18 19:53:00,0,30.4,29.6,LLLLLLLLLL,LLLLLLLLLL,LLLL
1238,2018/9/18 19:53:05,0,30.3,29.6,LLLLLLLLLL,LLLLLLLLLL,LLLL
1239,2018/9/18 19:53:10,0,30.3,29.6,LLLLLLLLLL,LLLLLLLLLL,LLLL
1240,2018/9/18 19:53:15,0,30.4,29.6,LLLLLLLLLL,LLLLLLLLLL,LLLL
1241,2018/9/18 19:53:20,0,30.4,29.6,LLLLLLLLLL,LLLLLLLLLL,LLLL
1242,2018/9/18 19:53:25,0,30.4,29.6,LLLLLLLLLL,LLLLLLLLLL,LLLL
1243,2018/9/18 19:53:30,0,30.4,29.6,LLLLLLLLLL,LLLLLLLLLL,LLLL
1244,2018/9/18 19:53:35,0,30.4,29.6,LLLLLLLLLL,LLLLLLLLLL,LLLL
1245,2018/9/18 19:53:40,0,30.4,29.6,LLLLLLLLLL,LLLLLLLLLL,LLLL
1246,2018/9/18 19:53:45,0,30.4,29.6,LLLLLLLLLL,LLLLLLLLLL,LLLL
1247,2018/9/18 19:53:50,0,30.3,29.6,LLLLLLLLLL,LLLLLLLLLL,LLLL
1248,2018/9/18 19:53:55,0,30.4,29.6,LLLLLLLLLL,LLLLLLLLLL,LLLL
1249,2018/9/18 19:54:00,0,30.4,29.6,LLLLLLLLLL,LLLLLLLLLL,LLLL
1250,2018/9/18 19:54:05,0,30.3,29.6,LLLLLLLLLL,LLLLLLLLLL,LLLL
1251,2018/9/18 19:54:10,0,30.4,29.6,LLLLLLLLLL,LLLLLLLLLL,LLLL
1252,2018/9/18 19:54:15,0,30.3,29.6,LLLLLLLLLL,LLLLLLLLLL,LLLL
1253,2018/9/18 19:54:20,0,30.3,29.6,LLLLLLLLLL,LLLLLLLLLL,LLLL
1254,2018/9/18 19:54:25,0,30.3,29.6,LLLLLLLLLL,LLLLLLLLLL,LLLL
1255,2018/9/18 19:54:30,0,30.3,29.6,LLLLLLLLLL,LLLLLLLLLL,LLLL
1256,2018/9/18 19:54:35,0,30.3,29.6,LLLLLLLLLL,LLLLLLLLLL,LLLL
1257,2018/9/18 19:54:40,0,30.3,29.6,LLLLLLLLLL,LLLLLLLLLL,LLLL
1258,2018/9/18 19:54:45,0,30.3,29.6,LLLLLLLLLL,LLLLLLLLLL,LLLL
1259,2018/9/18 19:54:50,0,30.3,29.6,LLLLLLLLLL,LLLLLLLLLL,LLLL
1260,2018/9/18 19:54:55,0,30.3,29.6,LLLLLLLLLL,LLLLLLLLLL,LLLL
1261,2018/9/18 19:55:00,0,30.3,29.6,LLLLLLLLLL,LLLLLLLLLL,LLLL
1262,2018/9/18 19:55:05,0,30.3,29.6,LLLLLLLLLL,LLLLLLLLLL,LLLL
1263,2018/9/18 19:55:10,0,30.3,29.6,LLLLLLLLLL,LLLLLLLLLL,LLLL
1264,2018/9/18 19:55:15,0,30.3,29.6,LLLLLLLLLL,LLLLLLLLLL,LLLL
1265,2018/9/18 19:55:20,0,30.3,29.6,LLLLLLLLLL,LLLLLLLLLL,LLLL
1266,2018/9/18 19:55:25,0,30.3,29.6,LLLLLLLLLL,LLLLLLLLLL,LLLL
1267,2018/9/18 19:55:30,0,30.4,29.7,LLLLLLLLLL,LLLLLLLLLL,LLLL
1268,2018/9/18 19:55:35,0,30.4,29.7,LLLLLLLLLL,LLLLLLLLLL,LLLL
1269,2018/9/18 19:55:40,0,30.5,29.7,LLLLLLLLLL,LLLLLLLLLL,LLLL
1270,2018/9/18 19:55:45,0,30.4,29.7,LLLLLLLLLL,LLLLLLLLLL,LLLL
1271,2018/9/18 19:55:50,0,30.4,29.7,LLLLLLLLLL,LLLLLLLLLL,LLLL
1272,2018/9/18 19:55:55,0,30.5,29.6,LLLLLLLLLL,LLLLLLLLLL,LLLL
1273,2018/9/18 19:56:00,0,30.4,29.6,LLLLLLLLLL,LLLLLLLLLL,LLLL
1274,2018/9/18 19:56:05,0,30.5,29.7,LLLLLLLLLL,LLLLLLLLLL,LLLL
1275,2018/9/18 19:56:10,0,30.5,29.7,LLLLLLLLLL,LLLLLLLLLL,LLLL
1276,2018/9/18 19:56:15,0,30.4,29.6,LLLLLLLLLL,LLLLLLLLLL,LLLL
1277,2018/9/18 19:56:20,0,30.3,29.6,LLLLLLLLLL,LLLLLLLLLL,LLLL
1278,2018/9/18 19:56:25,0,30.3,29.6,LLLLLLLLLL,LLLLLLLLLL,LLLL
1279,2018/9/18 19:56:30,0,30.3,29.6,LLLLLLLLLL,LLLLLLLLLL,LLLL
1280,2018/9/18 19:56:35,0,30.3,29.6,LLLLLLLLLL,LLLLLLLLLL,LLLL
1281,2018/9/18 19:56:40,0,30.3,29.6,LLLLLLLLLL,LLLLLLLLLL,LLLL
1282,2018/9/18 19:56:45,0,30.3,29.6,LLLLLLLLLL,LLLLLLLLLL,LLLL
1283,2018/9/18 19:56:50,0,30.3,29.6,LLLLLLLLLL,LLLLLLLLLL,LLLL
1284,2018/9/18 19:56:55,0,30.3,29.6,LLLLLLLLLL,LLLLLLLLLL,LLLL
1285,2018/9/18 19:57:00,0,30.3,29.6,LLLLLLLLLL,LLLLLLLLLL,LLLL
1286,2018/9/18 19:57:05,0,30.3,29.6,LLLLLLLLLL,LLLLLLLLLL,LLLL
1287,2018/9/18 19:57:10,0,30.3,29.6,LLLLLLLLLL,LLLLLLLLLL,LLLL
1288,2018/9/18 19:57:15,0,30.3,29.6,LLLLLLLLLL,LLLLLLLLLL,LLLL
1289,2018/9/18 19:57:20,0,30.3,29.6,LLLLLLLLLL,LLLLLLLLLL,LLLL
1290,2018/9/18 19:57:25,0,30.3,29.6,LLLLLLLLLL,LLLLLLLLLL,LLLL
1291,2018/9/18 19:57:30,0,30.3,29.6,LLLLLLLLLL,LLLLLLLLLL,LLLL
1292,2018/9/18 19:57:35,0,30.3,29.6,LLLLLLLLLL,LLLLLLLLLL,LLLL
1293,2018/9/18 19:57:40,0,30.3,29.6,LLLLLLLLLL,LLLLLLLLLL,LLLL
1294,2018/9/18 19:57:45,0,30.3,29.6,LLLLLLLLLL,LLLLLLLLLL,LLLL
1295,2018/9/18 19:57:50,0,30.3,29.6,LLLLLLLLLL,LLLLLLLLLL,LLLL
1296,2018/9/18 19:57:55,0,30.3,29.6,LLLLLLLLLL,LLLLLLLLLL,LLLL
1297,2018/9/18 19:58:00,0,30.4,29.6,LLLLLLLLLL,LLLLLLLLLL,LLLL
1298,2018/9/18 19:58:05,0,30.4,29.6,LLLLLLLLLL,LLLLLLLLLL,LLLL
1299,2018/9/18 19:58:10,0,30.3,29.6,LLLLLLLLLL,LLLLLLLLLL,LLLL
1300,2018/9/18 19:58:15,0,30.4,29.6,LLLLLLLLLL,LLLLLLLLLL,LLLL
1301,2018/9/18 19:58:20,0,30.3,29.6,LLLLLLLLLL,LLLLLLLLLL,LLLL
1302,2018/9/18 19:58:25,0,30.4,29.6,LLLLLLLLLL,LLLLLLLLLL,LLLL
1303,2018/9/18 19:58:30,0,30.3,29.6,LLLLLLLLLL,LLLLLLLLLL,LLLL
1304,2018/9/18 19:58:35,0,30.4,29.6,LLLLLLLLLL,LLLLLLLLLL,LLLL
1305,2018/9/18 19:58:40,0,30.4,29.6,LLLLLLLLLL,LLLLLLLLLL,LLLL
1306,2018/9/18 19:58:45,0,30.3,29.6,LLLLLLLLLL,LLLLLLLLLL,LLLL
1307,2018/9/18 19:58:50,0,30.3,29.6,LLLLLLLLLL,LLLLLLLLLL,LLLL
1308,2018/9/18 19:58:55,0,30.4,29.6,LLLLLLLLLL,LLLLLLLLLL,LLLL
1309,2018/9/18 19:59:00,0,30.4,29.6,LLLLLLLLLL,LLLLLLLLLL,LLLL
1310,2018/9/18 19:59:05,0,30.4,29.6,LLLLLLLLLL,LLLLLLLLLL,LLLL
1311,2018/9/18 19:59:10,0,30.3,29.6,LLLLLLLLLL,LLLLLLLLLL,LLLL
1312,2018/9/18 19:59:15,0,30.4,29.6,LLLLLLLLLL,LLLLLLLLLL,LLLL
1313,2018/9/18 19:59:20,0,30.4,29.6,LLLLLLLLLL,LLLLLLLLLL,LLLL
1314,2018/9/18 19:59:25,0,30.3,29.6,LLLLLLLLLL,LLLLLLLLLL,LLLL
1315,2018/9/18 19:59:30,0,30.4,29.6,LLLLLLLLLL,LLLLLLLLLL,LLLL
1316,2018/9/18 19:59:35,0,30.3,29.6,LLLLLLLLLL,LLLLLLLLLL,LLLL
1317,2018/9/18 19:59:40,0,30.3,29.6,LLLLLLLLLL,LLLLLLLLLL,LLLL
1318,2018/9/18 19:59:45,0,30.3,29.6,LLLLLLLLLL,LLLLLLLLLL,LLLL
1319,2018/9/18 19:59:50,0,30.3,29.6,LLLLLLLLLL,LLLLLLLLLL,LLLL
1320,2018/9/18 19:59:55,0,30.3,29.6,LLLLLLLLLL,LLLLLLLLLL,LLLL
1321,2018/9/18 20:00:00,0,30.3,29.6,LLLLLLLLLL,LLLLLLLLLL,LLLL
1322,2018/9/18 20:00:05,0,30.3,29.6,LLLLLLLLLL,LLLLLLLLLL,LLLL
1323,2018/9/18 20:00:10,0,30.3,29.6,LLLLLLLLLL,LLLLLLLLLL,LLLL
1324,2018/9/18 20:00:15,0,30.3,29.6,LLLLLLLLLL,LLLLLLLLLL,LLLL
1325,2018/9/18 20:00:20,0,30.3,29.6,LLLLLLLLLL,LLLLLLLLLL,LLLL
1326,2018/9/18 20:00:25,0,30.3,29.6,LLLLLLLLLL,LLLLLLLLLL,LLLL
1327,2018/9/18 20:00:30,0,30.3,29.6,LLLLLLLLLL,LLLLLLLLLL,LLLL
1328,2018/9/18 20:00:35,0,30.3,29.6,LLLLLLLLLL,LLLLLLLLLL,LLLL
1329,2018/9/18 20:00:40,0,30.3,29.6,LLLLLLLLLL,LLLLLLLLLL,LLLL
1330,2018/9/18 20:00:45,0,30.3,29.6,LLLLLLLLLL,LLLLLLLLLL,LLLL
1331,2018/9/18 20:00:50,0,30.3,29.6,LLLLLLLLLL,LLLLLLLLLL,LLLL
1332,2018/9/18 20:00:55,0,30.3,29.6,LLLLLLLLLL,LLLLLLLLLL,LLLL
1333,2018/9/18 20:01:00,0,30.3,29.6,LLLLLLLLLL,LLLLLLLLLL,LLLL
1334,2018/9/18 20:01:05,0,30.3,29.6,LLLLLLLLLL,LLLLLLLLLL,LLLL
1335,2018/9/18 20:01:10,0,30.3,29.6,LLLLLLLLLL,LLLLLLLLLL,LLLL
1336,2018/9/18 20:01:15,0,30.3,29.6,LLLLLLLLLL,LLLLLLLLLL,LLLL
1337,2018/9/18 20:01:20,0,30.3,29.6,LLLLLLLLLL,LLLLLLLLLL,LLLL
1338,2018/9/18 20:01:25,0,30.3,29.6,LLLLLLLLLL,LLLLLLLLLL,LLLL
1339,2018/9/18 20:01:30,0,30.3,29.6,LLLLLLLLLL,LLLLLLLLLL,LLLL
1340,2018/9/18 20:01:35,0,30.3,29.5,LLLLLLLLLL,LLLLLLLLLL,LLLL
1341,2018/9/18 20:01:40,0,30.3,29.6,LLLLLLLLLL,LLLLLLLLLL,LLLL
1342,2018/9/18 20:01:45,0,30.3,29.6,LLLLLLLLLL,LLLLLLLLLL,LLLL
1343,2018/9/18 20:01:50,0,30.3,29.6,LLLLLLLLLL,LLLLLLLLLL,LLLL
1344,2018/9/18 20:01:55,0,30.4,29.6,LLLLLLLLLL,LLLLLLLLLL,LLLL
1345,2018/9/18 20:02:00,0,30.4,29.6,LLLLLLLLLL,LLLLLLLLLL,LLLL
1346,2018/9/18 20:02:05,0,30.3,29.6,LLLLLLLLLL,LLLLLLLLLL,LLLL
1347,2018/9/18 20:02:10,0,30.3,29.6,LLLLLLLLLL,LLLLLLLLLL,LLLL
1348,2018/9/18 20:02:15,0,30.3,29.6,LLLLLLLLLL,LLLLLLLLLL,LLLL
1349,2018/9/18 20:02:20,0,30.3,29.6,LLLLLLLLLL,LLLLLLLLLL,LLLL
1350,2018/9/18 20:02:25,0,30.3,29.6,LLLLLLLLLL,LLLLLLLLLL,LLLL
1351,2018/9/18 20:02:30,0,30.3,29.6,LLLLLLLLLL,LLLLLLLLLL,LLLL
1352,2018/9/18 20:02:35,0,30.3,29.6,LLLLLLLLLL,LLLLLLLLLL,LLLL
1353,2018/9/18 20:02:40,0,30.3,29.6,LLLLLLLLLL,LLLLLLLLLL,LLLL
1354,2018/9/18 20:02:45,0,30.3,29.5,LLLLLLLLLL,LLLLLLLLLL,LLLL
1355,2018/9/18 20:02:50,0,30.2,29.5,LLLLLLLLLL,LLLLLLLLLL,LLLL
1356,2018/9/18 20:02:55,0,30.3,29.6,LLLLLLLLLL,LLLLLLLLLL,LLLL
1357,2018/9/18 20:03:00,0,30.3,29.6,LLLLLLLLLL,LLLLLLLLLL,LLLL
1358,2018/9/18 20:03:05,0,30.3,29.6,LLLLLLLLLL,LLLLLLLLLL,LLLL
1359,2018/9/18 20:03:10,0,30.3,29.5,LLLLLLLLLL,LLLLLLLLLL,LLLL
1360,2018/9/18 20:03:15,0,30.2,29.5,LLLLLLLLLL,LLLLLLLLLL,LLLL
1361,2018/9/18 20:03:20,0,30.2,29.5,LLLLLLLLLL,LLLLLLLLLL,LLLL
1362,2018/9/18 20:03:25,0,30.2,29.6,LLLLLLLLLL,LLLLLLLLLL,LLLL
1363,2018/9/18 20:03:30,0,30.1,29.5,LLLLLLLLLL,LLLLLLLLLL,LLLL
1364,2018/9/18 20:03:35,0,30.2,29.5,LLLLLLLLLL,LLLLLLLLLL,LLLL
1365,2018/9/18 20:03:40,0,30.2,29.5,LLLLLLLLLL,LLLLLLLLLL,LLLL
1366,2018/9/18 20:03:45,0,30.2,29.6,LLLLLLLLLL,LLLLLLLLLL,LLLL
1367,2018/9/18 20:03:50,0,30.2,29.5,LLLLLLLLLL,LLLLLLLLLL,LLLL
1368,2018/9/18 20:03:55,0,30.2,29.6,LLLLLLLLLL,LLLLLLLLLL,LLLL
1369,2018/9/18 20:04:00,0,30.1,29.6,LLLLLLLLLL,LLLLLLLLLL,LLLL
1370,2018/9/18 20:04:05,0,30.1,29.6,LLLLLLLLLL,LLLLLLLLLL,LLLL
1371,2018/9/18 20:04:10,0,30.2,29.6,LLLLLLLLLL,LLLLLLLLLL,LLLL
1372,2018/9/18 20:04:15,0,30.2,29.5,LLLLLLLLLL,LLLLLLLLLL,LLLL
1373,2018/9/18 20:04:20,0,30.1,29.6,LLLLLLLLLL,LLLLLLLLLL,LLLL
1374,2018/9/18 20:04:25,0,30.1,29.6,LLLLLLLLLL,LLLLLLLLLL,LLLL
1375,2018/9/18 20:04:30,0,30.2,29.6,LLLLLLLLLL,LLLLLLLLLL,LLLL
1376,2018/9/18 20:04:35,0,30.2,29.6,LLLLLLLLLL,LLLLLLLLLL,LLLL
1377,2018/9/18 20:04:40,0,30.2,29.5,LLLLLLLLLL,LLLLLLLLLL,LLLL
1378,2018/9/18 20:04:45,0,30.2,29.5,LLLLLLLLLL,LLLLLLLLLL,LLLL
1379,2018/9/18 20:04:50,0,30.3,29.5,LLLLLLLLLL,LLLLLLLLLL,LLLL
1380,2018/9/18 20:04:55,0,30.2,29.5,LLLLLLLLLL,LLLLLLLLLL,LLLL
1381,2018/9/18 20:05:00,0,30.2,29.5,LLLLLLLLLL,LLLLLLLLLL,LLLL
1382,2018/9/18 20:05:05,0,30.2,29.6,LLLLLLLLLL,LLLLLLLLLL,LLLL
1383,2018/9/18 20:05:10,0,30.2,29.5,LLLLLLLLLL,LLLLLLLLLL,LLLL
1384,2018/9/18 20:05:15,0,30.2,29.5,LLLLLLLLLL,LLLLLLLLLL,LLLL
1385,2018/9/18 20:05:20,0,30.2,29.5,LLLLLLLLLL,LLLLLLLLLL,LLLL
1386,2018/9/18 20:05:25,0,30.2,29.5,LLLLLLLLLL,LLLLLLLLLL,LLLL
1387,2018/9/18 20:05:30,0,30.2,29.6,LLLLLLLLLL,LLLLLLLLLL,LLLL
1388,2018/9/18 20:05:35,0,30.1,29.6,LLLLLLLLLL,LLLLLLLLLL,LLLL
1389,2018/9/18 20:05:40,0,30.1,29.6,LLLLLLLLLL,LLLLLLLLLL,LLLL
1390,2018/9/18 20:05:45,0,30.2,29.6,LLLLLLLLLL,LLLLLLLLLL,LLLL
1391,2018/9/18 20:05:50,0,30.1,29.5,LLLLLLLLLL,LLLLLLLLLL,LLLL
1392,2018/9/18 20:05:55,0,30.1,29.6,LLLLLLLLLL,LLLLLLLLLL,LLLL
1393,2018/9/18 20:06:00,0,30.1,29.6,LLLLLLLLLL,LLLLLLLLLL,LLLL
1394,2018/9/18 20:06:05,0,30.1,29.6,LLLLLLLLLL,LLLLLLLLLL,LLLL
1395,2018/9/18 20:06:10,0,30.2,29.6,LLLLLLLLLL,LLLLLLLLLL,LLLL
1396,2018/9/18 20:06:15,0,30.2,29.6,LLLLLLLLLL,LLLLLLLLLL,LLLL
1397,2018/9/18 20:06:20,0,30.2,29.6,LLLLLLLLLL,LLLLLLLLLL,LLLL
1398,2018/9/18 20:06:25,0,30.1,29.5,LLLLLLLLLL,LLLLLLLLLL,LLLL
1399,2018/9/18 20:06:30,0,30.1,29.5,LLLLLLLLLL,LLLLLLLLLL,LLLL
1400,2018/9/18 20:06:35,0,30.1,29.5,LLLLLLLLLL,LLLLLLLLLL,LLLL
1401,2018/9/18 20:06:40,0,30.1,29.6,LLLLLLLLLL,LLLLLLLLLL,LLLL
1402,2018/9/18 20:06:45,0,30.1,29.5,LLLLLLLLLL,LLLLLLLLLL,LLLL
1403,2018/9/18 20:06:50,0,30.1,29.5,LLLLLLLLLL,LLLLLLLLLL,LLLL
1404,2018/9/18 20:06:55,0,30.1,29.5,LLLLLLLLLL,LLLLLLLLLL,LLLL
1405,2018/9/18 20:07:00,0,30.1,29.5,LLLLLLLLLL,LLLLLLLLLL,LLLL
1406,2018/9/18 20:07:05,0,30.1,29.5,LLLLLLLLLL,LLLLLLLLLL,LLLL
1407,2018/9/18 20:07:10,0,30.1,29.5,LLLLLLLLLL,LLLLLLLLLL,LLLL
1408,2018/9/18 20:07:15,0,30.1,29.5,LLLLLLLLLL,LLLLLLLLLL,LLLL
1409,2018/9/18 20:07:20,0,30.1,29.6,LLLLLLLLLL,LLLLLLLLLL,LLLL
1410,2018/9/18 20:07:25,0,30.1,29.5,LLLLLLLLLL,LLLLLLLLLL,LLLL
1411,2018/9/18 20:07:30,0,30.1,29.5,LLLLLLLLLL,LLLLLLLLLL,LLLL
1412,2018/9/18 20:07:35,0,30.1,29.5,LLLLLLLLLL,LLLLLLLLLL,LLLL
1413,2018/9/18 20:07:40,0,30.1,29.5,LLLLLLLLLL,LLLLLLLLLL,LLLL
1414,2018/9/18 20:07:45,0,30.1,29.5,LLLLLLLLLL,LLLLLLLLLL,LLLL
1415,2018/9/18 20:07:50,0,30.1,29.5,LLLLLLLLLL,LLLLLLLLLL,LLLL
1416,2018/9/18 20:07:55,0,30.1,29.5,LLLLLLLLLL,LLLLLLLLLL,LLLL
1417,2018/9/18 20:08:00,0,30.1,29.5,LLLLLLLLLL,LLLLLLLLLL,LLLL
1418,2018/9/18 20:08:05,0,30.1,29.5,LLLLLLLLLL,LLLLLLLLLL,LLLL
1419,2018/9/18 20:08:10,0,30.1,29.5,LLLLLLLLLL,LLLLLLLLLL,LLLL
1420,2018/9/18 20:08:15,0,30.1,29.5,LLLLLLLLLL,LLLLLLLLLL,LLLL
1421,2018/9/18 20:08:20,0,30.1,29.5,LLLLLLLLLL,LLLLLLLLLL,LLLL
1422,2018/9/18 20:08:25,0,30.1,29.5,LLLLLLLLLL,LLLLLLLLLL,LLLL
1423,2018/9/18 20:08:30,0,30.1,29.5,LLLLLLLLLL,LLLLLLLLLL,LLLL
1424,2018/9/18 20:08:35,0,30.1,29.5,LLLLLLLLLL,LLLLLLLLLL,LLLL
1425,2018/9/18 20:08:40,0,30.1,29.5,LLLLLLLLLL,LLLLLLLLLL,LLLL
1426,2018/9/18 20:08:45,0,30.1,29.5,LLLLLLLLLL,LLLLLLLLLL,LLLL
1427,2018/9/18 20:08:50,0,30.1,29.5,LLLLLLLLLL,LLLLLLLLLL,LLLL
1428,2018/9/18 20:08:55,0,30.1,29.5,LLLLLLLLLL,LLLLLLLLLL,LLLL
1429,2018/9/18 20:09:00,0,30.1,29.5,LLLLLLLLLL,LLLLLLLLLL,LLLL
1430,2018/9/18 20:09:05,0,30.1,29.5,LLLLLLLLLL,LLLLLLLLLL,LLLL
1431,2018/9/18 20:09:10,0,30.1,29.5,LLLLLLLLLL,LLLLLLLLLL,LLLL
1432,2018/9/18 20:09:15,0,30.1,29.5,LLLLLLLLLL,LLLLLLLLLL,LLLL
1433,2018/9/18 20:09:20,0,30.1,29.5,LLLLLLLLLL,LLLLLLLLLL,LLLL
1434,2018/9/18 20:09:25,0,30.1,29.5,LLLLLLLLLL,LLLLLLLLLL,LLLL
1435,2018/9/18 20:09:30,0,30.1,29.5,LLLLLLLLLL,LLLLLLLLLL,LLLL
1436,2018/9/18 20:09:35,0,30.1,29.5,LLLLLLLLLL,LLLLLLLLLL,LLLL
1437,2018/9/18 20:09:40,0,30.1,29.5,LLLLLLLLLL,LLLLLLLLLL,LLLL
1438,2018/9/18 20:09:45,0,30.1,29.5,LLLLLLLLLL,LLLLLLLLLL,LLLL
1439,2018/9/18 20:09:50,0,30.1,29.5,LLLLLLLLLL,LLLLLLLLLL,LLLL
1440,2018/9/18 20:09:55,0,30.1,29.5,LLLLLLLLLL,LLLLLLLLLL,LLLL
1441,2018/9/18 20:10:00,0,30.1,29.5,LLLLLLLLLL,LLLLLLLLLL,LLLL
1442,2018/9/18 20:10:05,0,30.1,29.5,LLLLLLLLLL,LLLLLLLLLL,LLLL
1443,2018/9/18 20:10:10,0,30.1,29.5,LLLLLLLLLL,LLLLLLLLLL,LLLL
1444,2018/9/18 20:10:15,0,30.1,29.5,LLLLLLLLLL,LLLLLLLLLL,LLLL
1445,2018/9/18 20:10:20,0,30.1,29.5,LLLLLLLLLL,LLLLLLLLLL,LLLL
1446,2018/9/18 20:10:25,0,30.1,29.5,LLLLLLLLLL,LLLLLLLLLL,LLLL
1447,2018/9/18 20:10:30,0,30.1,29.5,LLLLLLLLLL,LLLLLLLLLL,LLLL
1448,2018/9/18 20:10:35,0,30.1,29.5,LLLLLLLLLL,LLLLLLLLLL,LLLL
1449,2018/9/18 20:10:40,0,30.1,29.5,LLLLLLLLLL,LLLLLLLLLL,LLLL
1450,2018/9/18 20:10:45,0,30.1,29.5,LLLLLLLLLL,LLLLLLLLLL,LLLL
1451,2018/9/18 20:10:50,0,30.1,29.5,LLLLLLLLLL,LLLLLLLLLL,LLLL
1452,2018/9/18 20:10:55,0,30.1,29.5,LLLLLLLLLL,LLLLLLLLLL,LLLL
1453,2018/9/18 20:11:00,0,30.1,29.5,LLLLLLLLLL,LLLLLLLLLL,LLLL
1454,2018/9/18 20:11:05,0,30.1,29.5,LLLLLLLLLL,LLLLLLLLLL,LLLL
1455,2018/9/18 20:11:10,0,30.1,29.5,LLLLLLLLLL,LLLLLLLLLL,LLLL
1456,2018/9/18 20:11:15,0,30.1,29.5,LLLLLLLLLL,LLLLLLLLLL,LLLL
1457,2018/9/18 20:11:20,0,30.1,29.5,LLLLLLLLLL,LLLLLLLLLL,LLLL
1458,2018/9/18 20:11:25,0,30.1,29.5,LLLLLLLLLL,LLLLLLLLLL,LLLL
1459,2018/9/18 20:11:30,0,30.1,29.5,LLLLLLLLLL,LLLLLLLLLL,LLLL
1460,2018/9/18 20:11:35,0,30.1,29.5,LLLLLLLLLL,LLLLLLLLLL,LLLL
1461,2018/9/18 20:11:40,0,30.1,29.5,LLLLLLLLLL,LLLLLLLLLL,LLLL
1462,2018/9/18 20:11:45,0,30.1,29.5,LLLLLLLLLL,LLLLLLLLLL,LLLL
1463,2018/9/18 20:11:50,0,30.1,29.4,LLLLLLLLLL,LLLLLLLLLL,LLLL
1464,2018/9/18 20:11:55,0,30.1,29.4,LLLLLLLLLL,LLLLLLLLLL,LLLL
1465,2018/9/18 20:12:00,0,30.1,29.4,LLLLLLLLLL,LLLLLLLLLL,LLLL
1466,2018/9/18 20:12:05,0,30.1,29.4,LLLLLLLLLL,LLLLLLLLLL,LLLL
1467,2018/9/18 20:12:10,0,30.1,29.4,LLLLLLLLLL,LLLLLLLLLL,LLLL
1468,2018/9/18 20:12:15,0,30.1,29.4,LLLLLLLLLL,LLLLLLLLLL,LLLL
1469,2018/9/18 20:12:20,0,30.1,29.4,LLLLLLLLLL,LLLLLLLLLL,LLLL
1470,2018/9/18 20:12:25,0,30.1,29.4,LLLLLLLLLL,LLLLLLLLLL,LLLL
1471,2018/9/18 20:12:30,0,30.1,29.4,LLLLLLLLLL,LLLLLLLLLL,LLLL
1472,2018/9/18 20:12:35,0,30.1,29.4,LLLLLLLLLL,LLLLLLLLLL,LLLL
1473,2018/9/18 20:12:40,0,30.1,29.4,LLLLLLLLLL,LLLLLLLLLL,LLLL
1474,2018/9/18 20:12:45,0,30.1,29.4,LLLLLLLLLL,LLLLLLLLLL,LLLL
1475,2018/9/18 20:12:50,0,30.1,29.3,LLLLLLLLLL,LLLLLLLLLL,LLLL
1476,2018/9/18 20:12:55,0,30.1,29.3,LLLLLLLLLL,LLLLLLLLLL,LLLL
1477,2018/9/18 20:13:00,0,30.1,29.3,LLLLLLLLLL,LLLLLLLLLL,LLLL
1478,2018/9/18 20:13:05,0,30.1,29.3,LLLLLLLLLL,LLLLLLLLLL,LLLL
1479,2018/9/18 20:13:10,0,30,29.3,LLLLLLLLLL,LLLLLLLLLL,LLLL
1480,2018/9/18 20:13:15,0,30.1,29.3,LLLLLLLLLL,LLLLLLLLLL,LLLL
1481,2018/9/18 20:13:20,0,30.1,29.3,LLLLLLLLLL,LLLLLLLLLL,LLLL
1482,2018/9/18 20:13:25,0,30,29.3,LLLLLLLLLL,LLLLLLLLLL,LLLL
1483,2018/9/18 20:13:30,0,30,29.3,LLLLLLLLLL,LLLLLLLLLL,LLLL
1484,2018/9/18 20:13:35,0,30,29.3,LLLLLLLLLL,LLLLLLLLLL,LLLL
1485,2018/9/18 20:13:40,0,30,29.3,LLLLLLLLLL,LLLLLLLLLL,LLLL
1486,2018/9/18 20:13:45,0,30.1,29.4,LLLLLLLLLL,LLLLLLLLLL,LLLL
1487,2018/9/18 20:13:50,0,30,29.5,LLLLLLLLLL,LLLLLLLLLL,LLLL
1488,2018/9/18 20:13:55,0,30,29.5,LLLLLLLLLL,LLLLLLLLLL,LLLL
1489,2018/9/18 20:14:00,0,30.1,29.4,LLLLLLLLLL,LLLLLLLLLL,LLLL
1490,2018/9/18 20:14:05,0,30,29.5,LLLLLLLLLL,LLLLLLLLLL,LLLL
1491,2018/9/18 20:14:10,0,30,29.4,LLLLLLLLLL,LLLLLLLLLL,LLLL
1492,2018/9/18 20:14:15,0,30,29.4,LLLLLLLLLL,LLLLLLLLLL,LLLL
1493,2018/9/18 20:14:20,0,30.1,29.3,LLLLLLLLLL,LLLLLLLLLL,LLLL
1494,2018/9/18 20:14:25,0,30,29.4,LLLLLLLLLL,LLLLLLLLLL,LLLL
1495,2018/9/18 20:14:30,0,30.1,29.4,LLLLLLLLLL,LLLLLLLLLL,LLLL
1496,2018/9/18 20:14:35,0,30.1,29.4,LLLLLLLLLL,LLLLLLLLLL,LLLL
1497,2018/9/18 20:14:40,0,30.1,29.4,LLLLLLLLLL,LLLLLLLLLL,LLLL
1498,2018/9/18 20:14:45,0,30,29.3,LLLLLLLLLL,LLLLLLLLLL,LLLL
1499,2018/9/18 20:14:50,0,30,29.3,LLLLLLLLLL,LLLLLLLLLL,LLLL
1500,2018/9/18 20:14:55,0,30,29.3,LLLLLLLLLL,LLLLLLLLLL,LLLL
1501,2018/9/18 20:15:00,0,30,29.4,LLLLLLLLLL,LLLLLLLLLL,LLLL
1502,2018/9/18 20:15:05,0,30,29.3,LLLLLLLLLL,LLLLLLLLLL,LLLL
1503,2018/9/18 20:15:10,0,30.1,29.3,LLLLLLLLLL,LLLLLLLLLL,LLLL
1504,2018/9/18 20:15:15,0,30,29.3,LLLLLLLLLL,LLLLLLLLLL,LLLL
1505,2018/9/18 20:15:20,0,30,29.3,LLLLLLLLLL,LLLLLLLLLL,LLLL
1506,2018/9/18 20:15:25,0,30,29.3,LLLLLLLLLL,LLLLLLLLLL,LLLL
1507,2018/9/18 20:15:30,0,30,29.3,LLLLLLLLLL,LLLLLLLLLL,LLLL
1508,2018/9/18 20:15:35,0,30,29.3,LLLLLLLLLL,LLLLLLLLLL,LLLL
1509,2018/9/18 20:15:40,0,30,29.4,LLLLLLLLLL,LLLLLLLLLL,LLLL
1510,2018/9/18 20:15:45,0,30,29.3,LLLLLLLLLL,LLLLLLLLLL,LLLL
1511,2018/9/18 20:15:50,0,30,29.3,LLLLLLLLLL,LLLLLLLLLL,LLLL
1512,2018/9/18 20:15:55,0,30,29.3,LLLLLLLLLL,LLLLLLLLLL,LLLL
1513,2018/9/18 20:16:00,0,30,29.3,LLLLLLLLLL,LLLLLLLLLL,LLLL
1514,2018/9/18 20:16:05,0,30,29.3,LLLLLLLLLL,LLLLLLLLLL,LLLL
1515,2018/9/18 20:16:10,0,30,29.4,LLLLLLLLLL,LLLLLLLLLL,LLLL
1516,2018/9/18 20:16:15,0,30,29.3,LLLLLLLLLL,LLLLLLLLLL,LLLL
1517,2018/9/18 20:16:20,0,30,29.3,LLLLLLLLLL,LLLLLLLLLL,LLLL
1518,2018/9/18 20:16:25,0,30,29.3,LLLLLLLLLL,LLLLLLLLLL,LLLL
1519,2018/9/18 20:16:30,0,30,29.3,LLLLLLLLLL,LLLLLLLLLL,LLLL
1520,2018/9/18 20:16:35,0,30,29.3,LLLLLLLLLL,LLLLLLLLLL,LLLL
1521,2018/9/18 20:16:40,0,30,29.3,LLLLLLLLLL,LLLLLLLLLL,LLLL
1522,2018/9/18 20:16:45,0,30,29.3,LLLLLLLLLL,LLLLLLLLLL,LLLL
1523,2018/9/18 20:16:50,0,30,29.3,LLLLLLLLLL,LLLLLLLLLL,LLLL
1524,2018/9/18 20:16:55,0,30,29.3,LLLLLLLLLL,LLLLLLLLLL,LLLL
1525,2018/9/18 20:17:00,0,30,29.3,LLLLLLLLLL,LLLLLLLLLL,LLLL
1526,2018/9/18 20:17:05,0,30,29.3,LLLLLLLLLL,LLLLLLLLLL,LLLL
1527,2018/9/18 20:17:10,0,30,29.3,LLLLLLLLLL,LLLLLLLLLL,LLLL
1528,2018/9/18 20:17:15,0,30,29.3,LLLLLLLLLL,LLLLLLLLLL,LLLL
1529,2018/9/18 20:17:20,0,30,29.3,LLLLLLLLLL,LLLLLLLLLL,LLLL
1530,2018/9/18 20:17:25,0,29.9,29.3,LLLLLLLLLL,LLLLLLLLLL,LLLL
1531,2018/9/18 20:17:30,0,30,29.3,LLLLLLLLLL,LLLLLLLLLL,LLLL
1532,2018/9/18 20:17:35,0,30,29.3,LLLLLLLLLL,LLLLLLLLLL,LLLL
1533,2018/9/18 20:17:40,0,29.9,29.3,LLLLLLLLLL,LLLLLLLLLL,LLLL
1534,2018/9/18 20:17:45,0,29.9,29.3,LLLLLLLLLL,LLLLLLLLLL,LLLL
1535,2018/9/18 20:17:50,0,30,29.3,LLLLLLLLLL,LLLLLLLLLL,LLLL
1536,2018/9/18 20:17:55,0,30,29.3,LLLLLLLLLL,LLLLLLLLLL,LLLL
1537,2018/9/18 20:18:00,0,30,29.3,LLLLLLLLLL,LLLLLLLLLL,LLLL
1538,2018/9/18 20:18:05,0,30,29.3,LLLLLLLLLL,LLLLLLLLLL,LLLL
1539,2018/9/18 20:18:10,0,30,29.3,LLLLLLLLLL,LLLLLLLLLL,LLLL
1540,2018/9/18 20:18:15,0,30,29.3,LLLLLLLLLL,LLLLLLLLLL,LLLL
1541,2018/9/18 20:18:20,0,30,29.3,LLLLLLLLLL,LLLLLLLLLL,LLLL
1542,2018/9/18 20:18:25,0,29.9,29.3,LLLLLLLLLL,LLLLLLLLLL,LLLL
1543,2018/9/18 20:18:30,0,29.9,29.3,LLLLLLLLLL,LLLLLLLLLL,LLLL
1544,2018/9/18 20:18:35,0,29.9,29.3,LLLLLLLLLL,LLLLLLLLLL,LLLL
1545,2018/9/18 20:18:40,0,29.9,29.3,LLLLLLLLLL,LLLLLLLLLL,LLLL
1546,2018/9/18 20:18:45,0,29.9,29.3,LLLLLLLLLL,LLLLLLLLLL,LLLL
1547,2018/9/18 20:18:50,0,29.9,29.3,LLLLLLLLLL,LLLLLLLLLL,LLLL
1548,2018/9/18 20:18:55,0,29.9,29.2,LLLLLLLLLL,LLLLLLLLLL,LLLL
1549,2018/9/18 20:19:00,0,29.9,29.2,LLLLLLLLLL,LLLLLLLLLL,LLLL
1550,2018/9/18 20:19:05,0,29.9,29.3,LLLLLLLLLL,LLLLLLLLLL,LLLL
1551,2018/9/18 20:19:10,0,29.9,29.3,LLLLLLLLLL,LLLLLLLLLL,LLLL
1552,2018/9/18 20:19:15,0,29.9,29.3,LLLLLLLLLL,LLLLLLLLLL,LLLL
1553,2018/9/18 20:19:20,0,29.9,29.3,LLLLLLLLLL,LLLLLLLLLL,LLLL
1554,2018/9/18 20:19:25,0,29.9,29.2,LLLLLLLLLL,LLLLLLLLLL,LLLL
1555,2018/9/18 20:19:30,0,29.9,29.3,LLLLLLLLLL,LLLLLLLLLL,LLLL
1556,2018/9/18 20:19:35,0,29.9,29.3,LLLLLLLLLL,LLLLLLLLLL,LLLL
1557,2018/9/18 20:19:40,0,29.9,29.3,LLLLLLLLLL,LLLLLLLLLL,LLLL
1558,2018/9/18 20:19:45,0,29.9,29.3,LLLLLLLLLL,LLLLLLLLLL,LLLL
1559,2018/9/18 20:19:50,0,29.9,29.3,LLLLLLLLLL,LLLLLLLLLL,LLLL
1560,2018/9/18 20:19:55,0,29.9,29.3,LLLLLLLLLL,LLLLLLLLLL,LLLL
1561,2018/9/18 20:20:00,0,29.9,29.3,LLLLLLLLLL,LLLLLLLLLL,LLLL
1562,2018/9/18 20:20:05,0,29.9,29.3,LLLLLLLLLL,LLLLLLLLLL,LLLL
1563,2018/9/18 20:20:10,0,29.9,29.3,LLLLLLLLLL,LLLLLLLLLL,LLLL
1564,2018/9/18 20:20:15,0,29.9,29.3,LLLLLLLLLL,LLLLLLLLLL,LLLL
1565,2018/9/18 20:20:20,0,29.9,29.3,LLLLLLLLLL,LLLLLLLLLL,LLLL
1566,2018/9/18 20:20:25,0,30,29.3,LLLLLLLLLL,LLLLLLLLLL,LLLL
1567,2018/9/18 20:20:30,0,30,29.3,LLLLLLLLLL,LLLLLLLLLL,LLLL
1568,2018/9/18 20:20:35,0,30,29.3,LLLLLLLLLL,LLLLLLLLLL,LLLL
1569,2018/9/18 20:20:40,0,30,29.3,LLLLLLLLLL,LLLLLLLLLL,LLLL
1570,2018/9/18 20:20:45,0,30,29.3,LLLLLLLLLL,LLLLLLLLLL,LLLL
1571,2018/9/18 20:20:50,0,30,29.3,LLLLLLLLLL,LLLLLLLLLL,LLLL
1572,2018/9/18 20:20:55,0,30,29.3,LLLLLLLLLL,LLLLLLLLLL,LLLL
1573,2018/9/18 20:21:00,0,30,29.3,LLLLLLLLLL,LLLLLLLLLL,LLLL
1574,2018/9/18 20:21:05,0,30,29.3,LLLLLLLLLL,LLLLLLLLLL,LLLL
1575,2018/9/18 20:21:10,0,30,29.3,LLLLLLLLLL,LLLLLLLLLL,LLLL
1576,2018/9/18 20:21:15,0,30,29.4,LLLLLLLLLL,LLLLLLLLLL,LLLL
1577,2018/9/18 20:21:20,0,30,29.3,LLLLLLLLLL,LLLLLLLLLL,LLLL
1578,2018/9/18 20:21:25,0,30,29.3,LLLLLLLLLL,LLLLLLLLLL,LLLL
1579,2018/9/18 20:21:30,0,30,29.3,LLLLLLLLLL,LLLLLLLLLL,LLLL
1580,2018/9/18 20:21:35,0,30,29.3,LLLLLLLLLL,LLLLLLLLLL,LLLL
1581,2018/9/18 20:21:40,0,29.9,29.3,LLLLLLLLLL,LLLLLLLLLL,LLLL
1582,2018/9/18 20:21:45,0,29.9,29.3,LLLLLLLLLL,LLLLLLLLLL,LLLL
1583,2018/9/18 20:21:50,0,29.9,29.3,LLLLLLLLLL,LLLLLLLLLL,LLLL
1584,2018/9/18 20:21:55,0,29.8,29.2,LLLLLLLLLL,LLLLLLLLLL,LLLL